"","p_val","avg_log2FC","pct.1","pct.2","p_val_adj"
"SLC2A5",0,0.489716618409997,0.194,0.024,0
"CAPZB",0,0.855535942824587,0.861,0.473,0
"STMN1",0,1.44234527640181,0.462,0.128,0
"HMGN2",0,1.43724247481952,0.917,0.633,0
"ATPIF1",0,1.14015503047068,0.694,0.281,0
"LAPTM5",0,0.937577026037301,0.988,0.856,0
"SERINC2",0,0.322401059774142,0.115,0.005,0
"PTP4A2",0,0.968612676490958,0.704,0.311,0
"CCDC28B",0,0.553437194904521,0.245,0.03,0
"LCK",0,1.0941486805064,0.614,0.179,0
"HDAC1",0,0.970625903317029,0.688,0.235,0
"MARCKSL1",0,2.90586114174714,0.955,0.324,0
"RBBP4",0,1.02032968636584,0.695,0.256,0
"PRDX1",0,1.25351295615658,0.867,0.507,0
"RP11-191G24.1",0,0.253569755866118,0.1,0.001,0
"ACADM",0,0.79089678566243,0.52,0.164,0
"HS2ST1",0,0.48668825140646,0.223,0.032,0
"MTF2",0,0.834251927630737,0.54,0.144,0
"BCAR3",0,0.495870159432056,0.245,0.038,0
"LAMTOR5",0,0.959582706105803,0.81,0.433,0
"CD53",0,1.28589986734942,0.942,0.687,0
"ATP5F1",0,1.03335109632059,0.644,0.22,0
"CAPZA1",0,1.03582054655312,0.765,0.339,0
"RP11-126K1.6",0,0.322872273002079,0.145,0.013,0
"SEMA4A",0,1.28565470847829,0.52,0.057,0
"FCRLA",0,1.0952176452333,0.802,0.373,0
"PRDX6",0,1.0352888759779,0.694,0.302,0
"RGS16",0,0.780493307468665,0.294,0.056,0
"ARPC5",0,1.29096176635344,0.887,0.453,0
"RGS13",0,3.07726713241907,0.908,0.032,0
"LYPLAL1",0,1.03681551764332,0.565,0.117,0
"BPNT1",0,0.885005805058764,0.426,0.051,0
"LBR",0,1.12238400925681,0.589,0.13,0
"H3F3A",0,1.37249462386886,0.992,0.909,0
"PARP1",0,1.67268458583702,0.907,0.402,0
"ODC1",0,1.03062278620743,0.717,0.3,0
"MIR3681HG",0,0.521013989348468,0.207,0.01,0
"RASGRP3",0,1.00667665939327,0.626,0.172,0
"QPCT",0,0.687042360748268,0.314,0.045,0
"MTA3",0,0.494915213952742,0.226,0.028,0
"EML6",0,0.41544184442311,0.16,0.012,0
"CCDC88A",0,0.982727964703905,0.43,0.063,0
"AC074289.1",0,0.93172490101183,0.339,0.028,0
"SPRED2",0,0.507601671812588,0.199,0.004,0
"LIMS1",0,0.763572792245458,0.415,0.098,0
"RANBP2",0,0.648294018703302,0.346,0.08,0
"ACTR3",0,1.37907592162653,0.932,0.499,0
"DBI",0,1.22243608099251,0.856,0.455,0
"IMP4",0,0.805123807628529,0.531,0.178,0
"PTPN18",0,0.869110334088033,0.534,0.149,0
"DHRS9",0,1.05896668754039,0.357,0.031,0
"CDCA7",0,0.960124687594789,0.359,0.019,0
"ATP5G3",0,1.31460631314642,0.739,0.27,0
"DNAJC10",0,0.858122669641368,0.538,0.173,0
"AC079767.4",0,1.10842667596602,0.467,0.101,0
"ARPC2",0,1.52499319385415,0.985,0.781,0
"MTMR14",0,0.928481950333672,0.553,0.156,0
"OGG1",0,1.07817229547552,0.541,0.077,0
"CAMK1",0,1.12791743610897,0.353,0.016,0
"ARPC4",0,1.05118029843432,0.801,0.373,0
"BRK1",0,0.911842874749991,0.894,0.533,0
"VGLL4",0,0.597132951801222,0.311,0.06,0
"RFTN1",0,1.5751448527042,0.758,0.122,0
"CAMP",0,0.404208559361795,0.162,0.009,0
"RBM6",0,0.8306038770728,0.572,0.202,0
"PRKCD",0,0.678773774941987,0.367,0.085,0
"TKT",0,1.06462579791424,0.68,0.237,0
"C3orf67",0,0.273835849051175,0.107,0.003,0
"LINC00877",0,0.788405148735997,0.315,0.02,0
"GCSAM",0,1.05957951199424,0.447,0.044,0
"HMCES",0,2.0709084730821,0.772,0.088,0
"MBD4",0,0.94262907989149,0.716,0.285,0
"BFSP2",0,0.619555108957338,0.255,0.027,0
"SELT",0,1.3105964813049,0.714,0.245,0
"SIAH2",0,1.20939355090139,0.676,0.174,0
"MED12L",0,0.544548839743274,0.208,0.01,0
"IGSF10",0,0.551685360645968,0.192,0.007,0
"MME",0,0.589758069596557,0.221,0.004,0
"GPR160",0,0.951402356901941,0.414,0.058,0
"KLHL6",0,1.14739038841892,0.512,0.087,0
"BCL6",0,0.598488519620405,0.25,0.022,0
"RP11-132N15.3",0,0.472766277316306,0.175,0.001,0
"LPP",0,1.56947203641856,0.616,0.08,0
"ATP5I",0,1.02654140287013,0.718,0.331,0
"SLBP",0,0.898713332400764,0.524,0.154,0
"WDR1",0,0.900625969101806,0.676,0.278,0
"CD38",0,1.0774109092759,0.55,0.119,0
"SEL1L3",0,1.03686138355859,0.733,0.293,0
"SMIM20",0,0.832830235653093,0.533,0.151,0
"RFC1",0,1.01948725224791,0.537,0.129,0
"SMIM14",0,1.58492370809531,0.84,0.453,0
"UCHL1",0,0.317217503954478,0.129,0.005,0
"SPINK2",0,0.519874159309087,0.206,0.02,0
"KIAA0922",0,0.530882883390859,0.273,0.042,0
"OTULIN",0,0.616898305642628,0.302,0.049,0
"BASP1",0,1.67900621159367,0.875,0.289,0
"LHFPL2",0,0.38203780968202,0.155,0.01,0
"SSBP2",0,0.626302212368424,0.383,0.077,0
"ZNF608",0,0.482022549474486,0.199,0.011,0
"PPP2CA",0,0.892511199915799,0.584,0.191,0
"H2AFY",0,0.816385060699405,0.589,0.194,0
"CCDC69",0,0.944182024890779,0.619,0.208,0
"PTTG1",0,1.27740849072424,0.567,0.099,0
"NPM1",0,0.867852118804359,0.977,0.857,0
"GMDS",0,1.53138830329368,0.502,0.084,0
"TUBB2A",0,0.665144152513615,0.278,0.026,0
"TUBB2B",0,0.569629391219712,0.16,0.001,0
"RNF144B",0,0.437806142910283,0.173,0.021,0
"HLA-DMB",0,1.04283374615002,0.904,0.533,0
"HMGA1",0,1.69504016072766,0.875,0.314,0
"SRSF3",0,1.01686504924812,0.85,0.481,0
"UBE2J1",0,1.28363836026829,0.855,0.359,0
"BACH2",0,0.684501488022218,0.331,0.065,0
"VNN2",0,1.34285172216614,0.591,0.057,0
"EZR",0,1.57772383023713,0.902,0.47,0
"ACTB",0,1.16395902311909,1,0.985,0
"RAPGEF5",0,0.471080478855225,0.187,0.003,0
"CCDC126",0,0.46226124721355,0.22,0.034,0
"SUGCT",0,1.87090376921698,0.523,0.005,0
"PSMA2",0,0.888635867804452,0.717,0.309,0
"CAMK2B",0,0.40138968722964,0.139,0.001,0
"H2AFV",0,1.1850744426433,0.68,0.285,0
"SHFM1",0,1.04898432642794,0.624,0.217,0
"ARPC1B",0,1.33740386391486,0.924,0.565,0
"ATP5J2",0,1.22781763737921,0.723,0.284,0
"STAG3",0,1.24611289304328,0.647,0.148,0
"CUX1",0,0.702145831059542,0.34,0.055,0
"SH2B2",0,0.76400110252001,0.417,0.091,0
"SYPL1",0,1.11312313372315,0.864,0.413,0
"EZH2",0,0.527661570583674,0.249,0.03,0
"TMSB4X",0,0.591278237946514,1,0.995,0
"SH3KBP1",0,1.05058211992277,0.69,0.221,0
"DMD",0,0.285161642440369,0.11,0.005,0
"SLC25A5",0,1.61903909380601,0.936,0.495,0
"PHF6",0,0.769939455977599,0.374,0.075,0
"XKR6",0,0.451915301465843,0.196,0.022,0
"LOXL2",0,0.569458020944851,0.222,0.003,0
"NUGGC",0,0.548030630069092,0.224,0.017,0
"ANK1",0,0.459322692230831,0.195,0.025,0
"RP11-567J20.3",0,0.26820575259796,0.107,0.004,0
"TCEA1",0,1.42817255449199,0.889,0.45,0
"LYPLA1",0,1.06010535437853,0.688,0.235,0
"TOX",0,0.74290372769514,0.341,0.046,0
"MYBL1",0,0.72174906075781,0.272,0.006,0
"TPD52",0,0.992217358247838,0.698,0.321,0
"PAG1",0,0.827251846392602,0.423,0.095,0
"E2F5",0,0.676835757536739,0.347,0.073,0
"SYBU",0,0.52187402628042,0.195,0.008,0
"AC023590.1",0,1.41904062612281,0.594,0.034,0
"DCAF12",0,0.90170844472822,0.364,0.025,0
"SIT1",0,0.931707302609657,0.56,0.2,0
"CLTA",0,0.861452619945619,0.659,0.265,0
"ZCCHC7",0,0.797090751614068,0.596,0.204,0
"GRHPR",0,1.29726152304555,0.685,0.146,0
"SUSD3",0,1.40394353302908,0.618,0.144,0
"ANP32B",0,1.73524775779846,0.912,0.454,0
"NANS",0,1.39848192071656,0.641,0.155,0
"CD81",0,1.21614500492668,0.664,0.16,0
"SWAP70",0,1.10482932172017,0.78,0.285,0
"RRAS2",0,1.15230703686616,0.606,0.114,0
"LMO2",0,1.43570206175971,0.506,0.033,0
"SPI1",0,0.850883596762961,0.61,0.206,0
"MS4A1",0,1.09380093174976,0.99,0.776,0
"FERMT3",0,1.09190948308117,0.637,0.217,0
"CFL1",0,1.37264064365955,0.996,0.891,0
"ACY3",0,1.25083171282275,0.493,0.032,0
"UCP2",0,1.48111014899751,0.92,0.502,0
"FAM76B",0,0.641835841091059,0.298,0.049,0
"TMEM123",0,1.20720325873717,0.81,0.307,0
"PDGFD",0,0.619769013232522,0.247,0.007,0
"POU2AF1",0,1.24545111314098,0.787,0.32,0
"HTR3A",0,0.81038767362341,0.312,0.01,0
"ATP5L",0,2.15601309678169,0.844,0.47,0
"SORL1",0,0.661469395952715,0.37,0.074,0
"ASB13",0,0.890329831624997,0.353,0.007,0
"ATP5C1",0,1.0423507245523,0.613,0.179,0
"RP11-138I18.2",0,0.531556713178399,0.213,0.009,0
"ZFAND4",0,0.420006027700694,0.176,0.017,0
"USMG5",0,0.964235021709014,0.683,0.293,0
"XPNPEP1",0,0.455812971708889,0.247,0.043,0
"PRDX3",0,0.784201022657683,0.499,0.165,0
"GLRX3",0,0.757873646801605,0.495,0.152,0
"GAPDH",0,1.74103467188585,0.997,0.87,0
"PEX5",0,0.470249491551744,0.211,0.02,0
"AICDA",0,0.934015659321811,0.315,0.008,0
"ARHGDIB",0,0.794866867233207,0.981,0.846,0
"LRMP",0,2.13810591602763,0.894,0.207,0
"HDAC7",0,0.649511863650778,0.366,0.087,0
"SPATS2",0,0.801708486619101,0.443,0.13,0
"HNRNPA1",0,1.06330297417494,0.973,0.84,0
"MYL6",0,0.956812925764058,0.985,0.847,0
"ATP5B",0,1.09059748535764,0.683,0.266,0
"RP11-620J15.3",0,0.487995189349228,0.216,0.029,0
"CPM",0,0.629435895978621,0.24,0.015,0
"FGD6",0,0.65593289954072,0.253,0.008,0
"VEZT",0,0.740347906225066,0.386,0.071,0
"METAP2",0,1.76869087825579,0.738,0.206,0
"SLC25A3",0,0.995977734678795,0.875,0.527,0
"C12orf75",0,0.97460455704405,0.553,0.173,0
"ARPC3",0,0.9576924133977,0.977,0.842,0
"ALDH2",0,0.918072150001015,0.38,0.057,0
"DTX1",0,0.512443246080215,0.226,0.017,0
"HRK",0,0.362113784020673,0.142,0.012,0
"SRSF9",0,1.25358698116977,0.785,0.323,0
"DYNLL1",0,1.28200653971464,0.787,0.414,0
"WDR66",0,1.33275663912233,0.431,0.008,0
"BCL7A",0,1.49261725324885,0.674,0.071,0
"SCARB1",0,0.373680584981587,0.154,0.014,0
"RAN",0,1.08387816007182,0.882,0.527,0
"HMGB1",0,1.31885362294149,0.979,0.782,0
"ALOX5AP",0,1.1230443005026,0.811,0.324,0
"LCP1",0,1.48229768134382,0.891,0.394,0
"HNRNPA1L2",0,0.757125364425824,0.49,0.151,0
"GPR18",0,0.873285081636872,0.491,0.095,0
"HNRNPC",0,0.957431561996742,0.892,0.546,0
"STXBP6",0,0.415340167108674,0.143,0.004,0
"C14orf166",0,1.0513105215365,0.663,0.235,0
"DAAM1",0,1.34475632167708,0.555,0.08,0
"SYNE2",0,1.39341816303821,0.617,0.097,0
"TMED8",0,0.559751169602488,0.334,0.069,0
"ASB2",0,0.399285828204063,0.192,0.02,0
"SERPINA9",0,2.12685633172921,0.692,0.017,0
"RP11-1070N10.3",0,0.489699568521796,0.23,0.033,0
"TCL1A",0,1.71120194879085,0.92,0.296,0
"SRP14",0,0.78171139988955,0.956,0.795,0
"GCHFR",0,1.4543497705609,0.62,0.097,0
"ZNF106",0,0.666446543296145,0.417,0.11,0
"SNAP23",0,1.15611375100804,0.723,0.226,0
"SERF2",0,1.69152245364416,0.997,0.923,0
"SLC30A4",0,0.50760874925254,0.2,0.021,0
"BLOC1S6",0,0.841043233619773,0.446,0.107,0
"MYO1E",0,0.80362891386824,0.358,0.028,0
"KIAA0101",0,0.718692958354617,0.248,0.027,0
"PKM",0,1.39839367107779,0.883,0.459,0
"NEIL1",0,1.96699871921586,0.759,0.078,0
"MCTP2",0,0.574047812432221,0.278,0.044,0
"TCEB2",0,1.10106870859791,0.737,0.327,0
"DNASE1",0,0.537665019582864,0.239,0.031,0
"RMI2",0,0.673543068616438,0.291,0.026,0
"SYT17",0,0.417071373208403,0.19,0.022,0
"GGA2",0,1.34130229930715,0.811,0.261,0
"IL4R",0,0.821162058168503,0.588,0.148,0
"RP11-231C14.7",0,1.67113738622858,0.723,0.125,0
"ALDOA",0,0.986102094422099,0.839,0.485,0
"CORO1A",0,1.35295755681157,0.987,0.816,0
"CD2BP2",0,0.732819641071575,0.511,0.167,0
"SHCBP1",0,0.47000970265037,0.185,0.014,0
"AMFR",0,0.678116098199227,0.376,0.083,0
"TERF2",0,0.643492667800782,0.307,0.032,0
"TERF2IP",0,0.930006163221117,0.741,0.321,0
"HSBP1",0,0.817137079143812,0.599,0.221,0
"IRF8",0,1.1998683277366,0.915,0.456,0
"FANCA",0,0.543958173417454,0.255,0.042,0
"DEF8",0,1.21423291085246,0.569,0.112,0
"YWHAE",0,0.956828028216546,0.621,0.241,0
"P2RX5",0,1.07247471598401,0.656,0.173,0
"ITGAE",0,0.819207075353655,0.538,0.187,0
"PFN1",0,1.2250217319356,0.998,0.928,0
"CCDC144A",0,1.69645528778586,0.513,0.024,0
"PRPSAP2",0,1.14541890392612,0.553,0.106,0
"LIMD2",0,1.3241819596743,0.974,0.72,0
"CD79B",0,1.52147333086788,0.979,0.753,0
"RP11-160O5.1",0,0.302576333607905,0.128,0.006,0
"PITPNC1",0,0.475350426889822,0.22,0.032,0
"HN1",0,0.878897365012081,0.5,0.136,0
"SEC14L1",0,0.919771119495345,0.464,0.145,0
"ACTG1",0,1.93887918751473,0.999,0.886,0
"ATP5A1",0,1.08107917319547,0.678,0.272,0
"SNTA1",0,0.600818266548847,0.254,0.02,0
"RPRD1B",0,0.931249581488563,0.383,0.026,0
"MYBL2",0,0.576604688218625,0.263,0.035,0
"ADA",0,0.938196302596657,0.446,0.084,0
"YWHAB",0,1.04549676001341,0.894,0.539,0
"CD40",0,1.15804775967755,0.828,0.361,0
"BCAS4",0,1.4249637945063,0.832,0.273,0
"ATP5E",0,1.11747075900177,0.842,0.524,0
"OAZ1",0,0.963535957210222,0.992,0.94,0
"PTPRS",0,0.339269056005253,0.123,0.009,0
"DNMT1",0,0.986525776587575,0.511,0.102,0
"S1PR2",0,1.1078517458166,0.446,0.03,0
"BORCS8-MEF2B",0,0.667274613303866,0.283,0.009,0
"LSM14A",0,0.871770603584924,0.684,0.273,0
"CD22",0,1.36457555233537,0.874,0.375,0
"CD79A",0,0.925526094703475,0.992,0.932,0
"SPIB",0,0.855710923225514,0.671,0.25,0
"ZNF581",0,1.03210643957451,0.607,0.175,0
"NLRP4",0,0.339782236441879,0.124,0.001,0
"IGLC5",0,0.600314955150555,0.249,0.037,0
"VPREB3",0,1.435918034686,0.892,0.475,0
"SMARCB1",0,0.962623576935834,0.777,0.381,0
"ATP5L2",0,0.577491717886906,0.285,0.054,0
"A4GALT",0,0.753027829006305,0.312,0.007,0
"BIK",0,1.51246963807129,0.55,0.047,0
"ATP5J",0,0.980443125110918,0.673,0.271,0
"CCT8",0,0.91679121491881,0.723,0.327,0
"MAP3K7CL",0,0.626001623666884,0.259,0.029,0
"BRWD1",0,0.883561531651848,0.459,0.108,0
"HMGN1",0,2.20532890753551,0.989,0.693,0
"BTF3",9.43404575972156e-308,0.714650396866212,0.972,0.885,3.53663507440442e-303
"MSH6",2.89312787823417e-306,0.478508374694525,0.224,0.036,1.08457577899243e-301
"GSTP1",2.79421386703496e-305,0.984571314173969,0.803,0.423,1.04749489447407e-300
"PGLS",5.03595016024795e-305,0.797638399339537,0.658,0.262,1.88787699607375e-300
"EAF2",2.56607533884485e-304,0.872021400283556,0.65,0.265,9.61970323026159e-300
"CDKN2C",2.90504759271258e-304,0.516122038153968,0.238,0.044,1.08904424155609e-299
"LAT2",7.4146930185556e-304,0.918631520179717,0.76,0.347,2.77962011879612e-299
"UBE2L3",8.45046202434691e-304,0.84567166418568,0.708,0.325,3.16790920368717e-299
"LSM10",5.84969813312887e-303,0.970426166688568,0.692,0.323,2.19293483614735e-298
"PSMA4",1.03176346833793e-302,0.860608465885773,0.687,0.298,3.86787489010523e-298
"PABPC1",4.23701598350902e-302,0.710538129848904,0.988,0.907,1.58837255189786e-297
"CUL3",1.03486641425803e-300,0.60674388863463,0.372,0.094,3.8795072137705e-296
"KCNK12",7.25955124333878e-299,0.437546405531408,0.175,0.023,2.72146057010284e-294
"C14orf2",7.83086480705825e-299,0.929311832753607,0.731,0.351,2.93563459887e-294
"PUS10",1.42925885168927e-298,0.390049255404902,0.172,0.022,5.35800558321272e-294
"LDHB",1.27446747410153e-297,0.897969262141359,0.843,0.505,4.77772366691182e-293
"KHDRBS1",1.3711941585464e-296,0.832706717752975,0.69,0.3,5.14033266155876e-292
"RGS10",3.17646258342162e-296,0.791253734191463,0.575,0.213,1.1907922932731e-291
"PARN",1.03368069769805e-295,0.512199666721532,0.303,0.066,3.87506219953046e-291
"MRPL51",2.45275023901595e-295,0.871692538607181,0.664,0.3,9.19487009602298e-291
"POLR2G",4.37729224338409e-295,0.748376751949888,0.639,0.252,1.64095931619983e-290
"MYEOV2",1.96123279596312e-294,0.778319495758694,0.562,0.208,7.35226950550656e-290
"LIMA1",1.26394313892871e-293,0.443134868295076,0.164,0.02,4.73827003921596e-289
"FNBP1",3.33640568667698e-293,0.844184563073851,0.768,0.368,1.25075176382147e-288
"FKBP1A",1.92551456670868e-292,0.857025076624348,0.784,0.392,7.21836900767751e-288
"FAM129A",2.52777170419556e-292,0.520828024558473,0.263,0.053,9.4761105646883e-288
"GDI2",2.86221279585302e-292,0.866009185495231,0.841,0.476,1.07298633290938e-287
"ERH",9.86684520992873e-292,0.904080160784248,0.786,0.426,3.69888293229808e-287
"CYB561A3",2.41706784630717e-291,0.862196245781436,0.784,0.361,9.06110394223631e-287
"HNRNPK",2.66487278277085e-290,0.851954283311847,0.91,0.626,9.99007508805137e-286
"UBE2R2",1.45011264698591e-288,0.587688530004423,0.369,0.098,5.43618229102076e-284
"HOPX",8.13857111806213e-287,1.03852479225222,0.46,0.147,3.05098754073913e-282
"CCNI",9.86760940554253e-287,0.81934912258424,0.948,0.752,3.69916941394978e-282
"PXK",1.38055200277376e-286,0.59820920957602,0.453,0.133,5.17541334799827e-282
"BRI3BP",1.70098206301612e-286,0.543580984268601,0.307,0.07,6.37664155783482e-282
"NSMCE1",4.48508303358888e-286,0.683827470163971,0.469,0.15,1.6813679276318e-281
"SNRPD1",7.48581922804315e-285,0.858089740914122,0.692,0.317,2.80628391220881e-280
"HNRNPM",9.86366820929073e-285,0.928812489170902,0.742,0.373,3.69769193829891e-280
"COX6A1",6.61536232689172e-284,0.869494244406992,0.892,0.609,2.47996702910517e-279
"EIF3I",1.32599587681095e-283,0.840477527574583,0.717,0.341,4.9708933429889e-279
"TACC1",4.34691503966523e-283,0.64042804825544,0.435,0.129,1.6295715100697e-278
"WDR76",4.8561350659383e-283,0.383090625810889,0.183,0.026,1.82046791351895e-278
"MAP4K1",1.12858839531448e-282,0.670814269292975,0.502,0.166,4.23085217635493e-278
"PLIN3",1.29813830110985e-282,0.659594565149676,0.418,0.124,4.8664608632006e-278
"RAC1",3.55606641416077e-281,0.80387831803423,0.68,0.309,1.33309817734059e-276
"S100Z",2.60569442274239e-280,0.334066056520118,0.128,0.012,9.76822725197667e-276
"TBCA",2.87814865987792e-280,0.88467570574407,0.815,0.472,1.07896036961503e-275
"PPIA",5.56037623242072e-280,0.802088631499072,0.967,0.825,2.08447384200988e-275
"COX5A",6.9805834765159e-280,0.871072431876123,0.798,0.43,2.61688113367628e-275
"EPS15",2.16067841588893e-279,0.705301964652794,0.469,0.15,8.09995124548441e-275
"COTL1",1.78413802506679e-278,0.893536522718983,0.874,0.537,6.68837662837038e-274
"DBNL",7.22668703501024e-278,0.820760935776161,0.755,0.354,2.70914043568464e-273
"C11orf31",2.49535743727089e-277,0.852481602519919,0.728,0.35,9.3545959608411e-273
"MFAP1",8.5177684199034e-277,0.479100992194571,0.276,0.059,3.19314102525339e-272
"CD180",1.01813045702287e-275,0.787411267126617,0.504,0.172,3.81676745728734e-271
"CDV3",1.96383402113086e-275,0.76005054768776,0.548,0.208,7.36202097841537e-271
"CPNE3",2.78018104259631e-274,0.719358272737314,0.393,0.114,1.0422342692485e-269
"SNX5",7.44126283459844e-272,0.712710083349402,0.556,0.206,2.78958061143426e-267
"POMP",5.17009459089761e-271,0.832667455570912,0.795,0.429,1.93816506023569e-266
"LPXN",6.37739631978829e-271,0.707267070791848,0.577,0.222,2.39075833236223e-266
"ROMO1",1.13538939213762e-269,0.808901042078937,0.698,0.329,4.25634775324552e-265
"FYTTD1",5.4323420859246e-269,0.630189260327411,0.397,0.116,2.03647640117141e-264
"HLA-DMA",7.35651612337335e-269,0.870497616198703,0.957,0.738,2.7578107643302e-264
"ZFAND6",7.83335824406327e-269,0.796666045927485,0.632,0.262,2.93656933853444e-264
"SYVN1",2.24504753183459e-268,0.725466197025733,0.476,0.166,8.41623418734152e-264
"SLCO3A1",7.15081322408895e-268,0.300019677650376,0.119,0.011,2.68069686144647e-263
"MDH1",1.05165391030086e-266,0.767778173615753,0.603,0.245,3.94244017893587e-262
"RBX1",1.72343685949082e-265,0.827369041975279,0.769,0.411,6.46082009885919e-261
"FAM208B",1.07355630394943e-264,0.495356578741037,0.256,0.053,4.02454787224562e-260
"CNIH1",2.86666202710761e-264,0.719860978413112,0.571,0.223,1.0746542607221e-259
"PTPRC",3.4438988193657e-264,0.86563125199053,0.886,0.541,1.29104878940382e-259
"EIF3A",1.45647577478945e-263,0.742375249800025,0.584,0.237,5.46003638453069e-259
"GNB2L1",1.50810530509102e-263,0.922255227809543,0.846,0.552,5.65358516772523e-259
"SMARCA4",1.51930165144937e-262,0.512836833033699,0.277,0.062,5.6955580309534e-258
"RABGAP1L",2.10070258626286e-262,0.623893503341836,0.45,0.144,7.87511385538222e-258
"LYSMD2",2.04692997757682e-261,0.694423045605368,0.539,0.191,7.67353109993997e-257
"CTSH",2.96350288712288e-261,0.799404403739887,0.831,0.462,1.11095796232463e-256
"SCIMP",8.20758483667515e-261,0.688831117056075,0.539,0.186,3.07685940357278e-256
"PPP1CC",2.79436142273342e-260,0.80118108343909,0.733,0.37,1.0475502101543e-255
"H2AFZ",4.81051523113464e-260,1.13017423843835,0.773,0.425,1.80336594984775e-255
"PLEK",8.04214536659454e-259,0.706414422469997,0.451,0.148,3.01483945502896e-254
"SNRPE",2.56887823596959e-258,0.83573744259153,0.728,0.368,9.63021073100279e-254
"ITSN2",4.19136992085958e-258,0.760384471260968,0.643,0.269,1.57126075593184e-253
"TRAPPC1",4.31840159710543e-258,0.812741719060338,0.818,0.475,1.61888239072288e-253
"ERP44",7.09956993373878e-258,0.832550373841672,0.585,0.246,2.66148677675999e-253
"RTFDC1",9.11027333306946e-258,0.600101767484002,0.435,0.139,3.41525926710108e-253
"ATP5O",2.30986986832401e-257,0.810756321002935,0.702,0.334,8.65924016237305e-253
"HNRNPA3",2.99513783416354e-255,0.809724286302952,0.794,0.441,1.12281727127123e-250
"HCLS1",7.37579076973984e-255,0.809952666724944,0.802,0.439,2.76503644376007e-250
"C7orf73",2.59278853533731e-254,0.604640156236726,0.45,0.147,9.7198456612725e-250
"EBLN3",1.30191785648332e-253,0.67796707998752,0.478,0.161,4.88062966038466e-249
"CPNE5",5.36098174979599e-253,0.701404888549482,0.5,0.183,2.00972483836352e-248
"PPP4C",1.47550177279126e-252,0.73028651335668,0.635,0.279,5.53136104583988e-248
"TIMM8B",1.6238668694983e-252,0.723507735750729,0.496,0.187,6.08755212037522e-248
"ANKRD13A",1.78066830393688e-252,0.607840047219891,0.485,0.162,6.67536933779857e-248
"TPM4",2.38497756434911e-252,0.759158774100873,0.629,0.276,8.94080389323196e-248
"FAM3C",7.15472552509883e-252,0.904870682434517,0.54,0.22,2.68216350484905e-247
"NDUFA13",4.29042252316882e-251,0.758040016186196,0.784,0.429,1.60839359548553e-246
"USP34",5.22027283422532e-251,0.647717447260455,0.432,0.139,1.95697588009439e-246
"WEE1",1.67177004672232e-250,0.45155710616423,0.236,0.047,6.26713155115264e-246
"SOCS1",6.47556897196053e-250,0.659267020848118,0.463,0.156,2.42756129620856e-245
"PSIP1",1.83550805016839e-249,0.743029871848808,0.556,0.216,6.88095257847124e-245
"CAP1",5.30043905629059e-249,0.789807622927,0.827,0.471,1.98702859342221e-244
"PSMB1",8.24951596343453e-249,0.78664144938135,0.807,0.477,3.09257854437234e-244
"ATXN10",2.08192500965773e-247,0.585535405699954,0.471,0.162,7.80472047620488e-243
"ISG20",2.40747987085737e-247,1.06661927243328,0.864,0.599,9.02516053987009e-243
"WIPF1",1.69284243294019e-246,0.746473131074118,0.672,0.302,6.3461277126062e-242
"UBE2G1",4.64229495049077e-246,0.670263191085304,0.449,0.158,1.74030353103998e-241
"SRP9",5.5823837523053e-246,0.811088960304242,0.748,0.392,2.09272402106421e-241
"GCNT2",6.58992171247812e-246,0.35075615621171,0.166,0.024,2.4704298515738e-241
"PDIA4",8.30374903943095e-244,0.75372690558637,0.523,0.205,3.11290943990187e-239
"MRPS36",4.20583806108123e-240,0.735512582919482,0.518,0.204,1.57668457233813e-235
"POU2F2",4.77493166317403e-238,0.802880047952867,0.809,0.458,1.79002638189068e-233
"ENO1",1.26819481334643e-237,0.84365199484178,0.824,0.512,4.7542087162731e-233
"MRPL15",1.48358317833988e-237,0.571544607630788,0.35,0.103,5.56165661896054e-233
"CSTB",6.65059161890134e-237,0.78904094277132,0.74,0.395,2.49317378609373e-232
"STAC3",6.95395568060755e-237,0.271666703057797,0.122,0.013,2.60689890554616e-232
"CENPU",8.03563694187086e-237,0.335946056706209,0.134,0.017,3.01239957676855e-232
"COX6C",8.33863262244084e-237,0.746661526050013,0.907,0.664,3.12598659750062e-232
"RP11-25K19.1",2.55398536172504e-236,0.289205479518209,0.134,0.017,9.57438032403484e-232
"COX11",3.23781397714737e-235,0.56365198396322,0.376,0.115,1.21379170375301e-230
"NDUFA4",6.95837993636493e-235,0.725533702150663,0.898,0.669,2.60855747054448e-230
"CENPM",4.22120624742227e-234,0.502448114426575,0.298,0.077,1.58244579803366e-229
"RBBP7",5.20898666507155e-234,0.709220409543831,0.531,0.211,1.95274492100202e-229
"MAP4K4",1.42644366379972e-233,0.531254559094075,0.355,0.1,5.34745200685239e-229
"ABRACL",3.88894661629512e-233,0.816298634541688,0.581,0.256,1.45788830751672e-228
"TMEM261",1.53807146439041e-231,0.600887225876687,0.415,0.135,5.76592230570677e-227
"EHD4",2.61686951838061e-231,0.504735306810283,0.267,0.065,9.81012045050524e-227
"C4orf32",6.74987973615767e-231,0.299603527760753,0.125,0.015,2.53039491549079e-226
"QARS",5.66373083401824e-230,0.607567837559308,0.519,0.198,2.12321941505676e-225
"NLK",8.79650463271337e-229,0.330786918602882,0.139,0.018,3.29763365671159e-224
"PPP1CA",2.68061659517646e-226,0.766751733266223,0.819,0.513,1.00490954919975e-221
"VDAC1",8.05989445795448e-226,0.676028060510054,0.616,0.276,3.02149323439797e-221
"EEF2",1.44053161250353e-225,0.593773855713286,0.981,0.928,5.40026490895322e-221
"C17orf62",2.47390872268722e-225,0.653060501623084,0.514,0.198,9.27418901960986e-221
"CSK",3.76710116783529e-225,0.748609148958369,0.711,0.343,1.41221088579809e-220
"CBX3",2.17844714551781e-224,0.740787875428208,0.664,0.319,8.16656265911716e-220
"RAD23B",4.54210422598567e-224,0.564355453059997,0.411,0.138,1.70274403223751e-219
"HSD17B12",4.54243974979411e-224,0.613728410406219,0.383,0.124,1.70286981340281e-219
"RFXANK",1.54641040102189e-223,0.538970852508354,0.404,0.135,5.79718331135087e-219
"YBX1",7.92053041978147e-223,0.708713559895327,0.948,0.786,2.96924844376768e-218
"EYA3",9.08371579904095e-223,0.417297848651677,0.196,0.037,3.40530337874447e-218
"CSNK2B",2.49147851112117e-220,0.666590243418399,0.623,0.285,9.34005464249106e-216
"SLC15A4",4.1976064081131e-220,0.442135680368571,0.26,0.062,1.57359869027344e-215
"PFDN4",1.05862698438953e-219,0.60549174537158,0.422,0.146,3.96858083907947e-215
"CKS2",1.43979064778698e-219,0.596801678491554,0.417,0.145,5.39748718042384e-215
"MRPS27",1.98220468446738e-219,0.460305665426543,0.296,0.078,7.43088892113132e-215
"MOB1A",2.08010143702081e-219,0.675461820471836,0.683,0.324,7.7978842671036e-215
"STK40",3.44385507720314e-219,0.425026755824108,0.235,0.053,1.29103239134191e-214
"NR3C1",1.6010836074902e-218,0.650536436721219,0.483,0.18,6.00214222775924e-214
"NCF1",1.94411194630282e-218,0.762807959817286,0.901,0.625,7.28808686430002e-214
"NDUFB3",4.63691056394648e-218,0.714996959351959,0.623,0.297,1.73828503221225e-213
"KANK1",5.03910036071062e-218,0.319118974782698,0.129,0.017,1.8890579432232e-213
"RHOA",1.47208623037038e-217,0.688605857466788,0.897,0.62,5.51855686041247e-213
"STX7",1.13097370881882e-216,0.650415075029794,0.703,0.327,4.23979423961997e-212
"EIF3H",1.36153911415629e-216,0.725713674049601,0.887,0.64,5.1041378311491e-212
"EBF1",1.66560511217774e-215,0.479704070770901,0.338,0.096,6.24402044453193e-211
"P2RY8",5.52376239273681e-215,0.523819756709576,0.381,0.12,2.07074804578918e-210
"MPC2",2.01954272848963e-214,0.666846247590124,0.525,0.223,7.57086178056192e-210
"COMMD7",2.40301911134023e-214,0.529463795657953,0.393,0.13,9.00843804459225e-210
"UGGT1",6.88226950756643e-214,0.394873727870544,0.199,0.04,2.5800251929965e-209
"SNHG19",1.44011508801971e-213,0.401729038607296,0.25,0.059,5.39870344196827e-209
"CCT3",1.56901807158606e-213,0.684774111730395,0.629,0.291,5.88193494676181e-209
"PIP4K2A",6.44450797709946e-213,0.65885186292433,0.438,0.156,2.41591715045505e-208
"SF3B6",6.81238831135595e-213,0.727135696322452,0.687,0.355,2.55382813016112e-208
"TADA3",7.27241403566123e-213,0.552033702610763,0.453,0.163,2.72628257368868e-208
"CCNB1",7.67526860234766e-213,0.308853003692754,0.133,0.018,2.87730469364809e-208
"PLEKHA2",1.53886365773021e-212,0.51800334316377,0.41,0.135,5.76889208009901e-208
"SKAP2",3.93094311378153e-212,0.657563209444737,0.552,0.224,1.47363195449442e-207
"PLCG2",8.55855247710115e-212,1.01026052830846,0.584,0.253,3.20843015261568e-207
"TOP1",1.08758764671217e-211,0.677261692548329,0.484,0.198,4.07714856999458e-207
"AC007386.4",2.58354440743127e-211,0.263291380628256,0.109,0.012,9.68519127457835e-207
"SUPT4H1",3.06166074823665e-211,0.625605742648102,0.562,0.243,1.14775538129895e-206
"HMGB2",4.15179968357925e-211,1.26043360306748,0.577,0.265,1.55642666538019e-206
"PSMB2",4.22946687953015e-211,0.664529553825422,0.576,0.259,1.58554254379826e-206
"C20orf24",6.23007299135536e-211,0.528048148709487,0.365,0.119,2.3355297629993e-206
"FAM195B",8.86778151552554e-211,0.494397900392013,0.335,0.1,3.32435393454021e-206
"ACTR2",2.5131884787724e-210,0.693594274100063,0.721,0.359,9.42144096922196e-206
"UQCR10",1.6724684658946e-209,0.713888897770717,0.803,0.495,6.26974978494567e-205
"DPP3",5.89968164824049e-209,0.395838979637199,0.223,0.05,2.2116726562924e-204
"ABI1",1.04263764678426e-208,0.580073493359091,0.469,0.174,3.90864001026484e-204
"UBE2A",2.56218539649177e-208,0.614361962384521,0.491,0.195,9.60512061436834e-204
"TFDP1",5.45735034718037e-208,0.495511821916696,0.327,0.098,2.04585149815098e-203
"BPTF",1.36639259961447e-207,0.594202072066013,0.451,0.165,5.12233257743471e-203
"MTERF4",1.19125772001075e-206,0.582501091787162,0.437,0.16,4.4657869407763e-202
"CCM2",7.19522407461611e-206,0.602194122531961,0.469,0.183,2.69734560109209e-201
"MOB3A",5.84951438847814e-204,0.552391779422527,0.425,0.151,2.19286595395269e-199
"CALM3",7.61257361554332e-204,0.740897667365956,0.633,0.309,2.85380159699488e-199
"STAP1",8.27956621714921e-204,0.499153477764147,0.412,0.138,3.10384378348489e-199
"RHOH",2.85805601804741e-202,0.706436987761287,0.78,0.436,1.07142804004561e-197
"ATP6V1E1",6.34017861731442e-202,0.618233251594188,0.466,0.182,2.37680616005883e-197
"MRPL10",5.47647908367102e-201,0.430418119377914,0.302,0.087,2.05302247888659e-196
"SNRPF",7.48771836707994e-201,0.65984510511294,0.691,0.346,2.80699586145093e-196
"NEK6",1.38658407715032e-200,0.397821763926708,0.27,0.07,5.19802638842113e-196
"SGK1",1.75213655641108e-200,0.552529636050621,0.243,0.061,6.56840952267386e-196
"SFPQ",2.35025769648692e-200,0.66663625758131,0.671,0.332,8.81064605259018e-196
"DHFR",7.17943713420412e-200,0.343585521664673,0.196,0.04,2.69142739287044e-195
"PRKD3",1.12431188178674e-199,0.556368682535811,0.409,0.141,4.21482038244212e-195
"AP003774.1",3.55519912860361e-199,0.308865056202956,0.161,0.028,1.33277304933092e-194
"GSTZ1",5.42018891261389e-199,0.354788506004052,0.214,0.048,2.03192041956069e-194
"HSD17B10",1.33888174533813e-198,0.597377816213813,0.495,0.206,5.01919988692359e-194
"NDUFA12",4.44561466604134e-198,0.636108049649083,0.615,0.294,1.66657202600558e-193
"LSM6",4.75793417796026e-198,0.659406432971891,0.561,0.243,1.78365436463374e-193
"RUVBL1",7.70391647106783e-198,0.43094344308141,0.28,0.077,2.88804420667391e-193
"CPSF6",3.28998014534395e-197,0.513525285516122,0.397,0.138,1.23334775688654e-192
"COPE",4.46325877848618e-197,0.666218840541713,0.773,0.455,1.6731864508789e-192
"PSMB3",1.72701169382769e-196,0.699762936227226,0.728,0.41,6.47422143782126e-192
"C2orf88",3.84956809702384e-196,0.403941971028613,0.165,0.031,1.4431260882123e-191
"SGPP1",7.53014784461641e-196,0.399913606088324,0.198,0.042,2.8229018239898e-191
"ILK",1.82835889271519e-195,0.453622246470524,0.376,0.126,6.8541518170107e-191
"TCEB1",3.09293517511818e-195,0.570885972386121,0.431,0.162,1.1594795384483e-190
"HNRNPD",8.96258944224718e-195,0.631632764794397,0.572,0.256,3.35989553010962e-190
"TUFM",1.62859797330033e-194,0.661354883203906,0.687,0.367,6.10528808230828e-190
"LYN",3.72322752828925e-194,0.561826456641848,0.565,0.234,1.39576353580507e-189
"CD27",5.06993461391765e-194,0.890129589337628,0.708,0.404,1.90061708806545e-189
"PTAFR",9.5373432146585e-194,0.331357456214089,0.171,0.032,3.57535922431118e-189
"COX6B1",3.89554423323709e-193,0.62402638120587,0.917,0.69,1.46036162215592e-188
"LMNB1",4.82989814935334e-193,0.387896384799026,0.225,0.053,1.81063221822958e-188
"CHIC2",1.12201419486082e-192,0.459028519756933,0.294,0.085,4.20620681369425e-188
"PMF1",4.984347568635e-192,0.491056170247861,0.423,0.156,1.86853221652989e-187
"FOLR2",6.07583535977155e-192,0.287959778523836,0.172,0.032,2.27770915967116e-187
"CARHSP1",7.95597472058724e-192,0.583463133640568,0.451,0.177,2.98253580325375e-187
"PRPF38A",1.25609037703811e-191,0.468510506456974,0.37,0.123,4.70883160544045e-187
"NDUFA7",1.45461648538525e-191,0.492555680917278,0.356,0.119,5.45306628041223e-187
"C4orf3",4.31165532409866e-190,0.898369458388332,0.8,0.533,1.61635334789811e-185
"THOC7",1.00981813468373e-189,0.596936496916615,0.503,0.213,3.78560622330237e-185
"CCDC109B",1.55270171049232e-189,0.5385516055211,0.39,0.136,5.8207681722936e-185
"SPAG16",9.10741384566337e-189,0.323763079786833,0.182,0.037,3.41418730246228e-184
"PSMA7",1.85957860170633e-188,0.695755098979436,0.821,0.53,6.9711882620767e-184
"CHCHD2",2.40599634807449e-188,0.598761636067002,0.917,0.741,9.01959910966163e-184
"CCT5",2.54088286275194e-188,0.579174102134299,0.454,0.178,9.52526167588446e-184
"LSM8",2.81362955681201e-188,0.661398890115126,0.678,0.352,1.05477344825768e-183
"EWSR1",1.80961407786151e-187,0.598300667484627,0.602,0.282,6.78388125508723e-183
"MILR1",2.20575116564322e-187,0.3971911672086,0.221,0.052,8.26891996976331e-183
"RP11-792A8.4",3.17011646846702e-187,0.313264324082028,0.178,0.036,1.18841326169892e-182
"EIF4H",1.89093960677909e-186,0.600524481829957,0.606,0.285,7.08875439789346e-182
"FAM103A1",2.5480533225915e-186,0.410914423965805,0.297,0.088,9.552142295731e-182
"SMS",3.5011948314536e-186,0.613823464528746,0.417,0.155,1.31252791841533e-181
"NUSAP1",8.91807145414668e-186,0.317626525502192,0.147,0.025,3.34320662673051e-181
"AIM2",3.40817665457823e-185,0.547022293421223,0.461,0.178,1.27765726426829e-180
"KTN1",3.79614899036353e-185,0.674212510525173,0.663,0.34,1.42310033350748e-180
"ST14",5.40838137334006e-185,0.342134053603641,0.173,0.034,2.02749400923772e-180
"PGAM1",1.15870076116781e-184,0.675764483766302,0.647,0.335,4.34373741346589e-180
"DDX39A",1.64890138522086e-184,0.599094585356027,0.517,0.222,6.18140151291596e-180
"PPP1R7",3.58429333845283e-184,0.555153780419577,0.465,0.189,1.3436798867192e-179
"EHD1",3.66425872686478e-184,0.527324705651655,0.419,0.157,1.37365731152707e-179
"DEK",9.20652073706244e-184,0.632441953306093,0.606,0.275,3.45134049390997e-179
"ESD",1.79540862657219e-183,0.53829389942232,0.522,0.217,6.73062785929384e-179
"MTHFD2",4.30326841001835e-183,0.53183202801148,0.353,0.125,1.61320926154768e-178
"MAP1LC3B",1.05616307317743e-182,0.698085002183432,0.588,0.289,3.95934412872756e-178
"PRMT1",1.50114450080655e-182,0.667508536767214,0.611,0.303,5.6274905046236e-178
"ATP5G2",1.66761491742308e-182,0.698060306554474,0.784,0.46,6.25155480243564e-178
"ARHGEF7",1.86718507432131e-182,0.351184996698184,0.193,0.042,6.99970340661572e-178
"LTB",2.51058671102718e-182,0.962281226125895,0.936,0.766,9.4116874622987e-178
"IGBP1",3.04252230330539e-182,0.629213931804675,0.594,0.283,1.14058076106312e-177
"SYAP1",5.12387304796934e-182,0.519044217562379,0.365,0.13,1.92083752822275e-177
"UBE2E1",6.38493154921172e-182,0.495780784137325,0.42,0.157,2.39358313916849e-177
"IKBKE",1.08495873425079e-181,0.361188037725087,0.214,0.051,4.06729330295936e-177
"EMG1",1.77470430130444e-181,0.413403529495498,0.312,0.096,6.65301148473009e-177
"GRSF1",4.39353496338452e-181,0.482978157049461,0.363,0.126,1.64704838707359e-176
"GINS2",1.32946782468484e-180,0.321592445875111,0.122,0.018,4.98390898117853e-176
"MSI2",1.35839458773042e-180,0.536444551376612,0.317,0.105,5.0923496304838e-176
"PTK2",1.8068435065163e-180,0.343161556488843,0.209,0.048,6.77349493722832e-176
"NDUFV2",8.1747063518879e-180,0.631669532963218,0.66,0.344,3.06453391719573e-175
"MPLKIP",9.79949143154027e-180,0.515852046361116,0.445,0.173,3.67363334785582e-175
"TIMM13",1.38100130164689e-179,0.607769349258434,0.486,0.21,5.17709767961387e-175
"FKBP3",2.91418398112119e-179,0.568587464768623,0.416,0.162,1.09246929084271e-174
"NDUFA11",4.42502927276943e-179,0.633648078341159,0.727,0.411,1.6588549737758e-174
"RNGTT",1.08403739465126e-178,0.641236711265581,0.342,0.117,4.06383938506863e-174
"SNRPG",3.01630275584568e-178,0.668628482144913,0.733,0.43,1.13075157711143e-173
"IL21R",1.21915640314219e-177,0.371155843371146,0.209,0.051,4.57037352409945e-173
"CAPN1",1.85034420794337e-177,0.517780404237723,0.446,0.176,6.93657036673812e-173
"PHAX",2.05901020999633e-177,0.506283465794644,0.315,0.103,7.71881747523424e-173
"HNRNPA2B1",3.95531533163694e-177,0.665720297380603,0.934,0.741,1.48276861152406e-172
"PTRHD1",7.63505152075532e-177,0.545465544830838,0.485,0.202,2.86222811410075e-172
"SFT2D1",1.57930061140757e-176,0.608008075981327,0.607,0.301,5.92048213204468e-172
"C20orf196",2.59713585170499e-176,0.300863915503075,0.172,0.035,9.73614288087165e-172
"MIXL1",4.31191355629507e-176,0.262592187297826,0.111,0.016,1.6164501539839e-171
"RPAP3",8.03887348569772e-176,0.396371424113869,0.282,0.083,3.01361289231836e-171
"TPI1",1.12896741533026e-175,0.724473040384383,0.791,0.511,4.2322730465901e-171
"PPP2R5C",2.5107909876607e-175,0.629186644899553,0.54,0.25,9.41245325454245e-171
"SYK",2.65008335833294e-175,0.504873722161879,0.475,0.191,9.93463249371852e-171
"CNN2",9.55237835288798e-175,0.676118058821072,0.671,0.348,3.58099559693065e-170
"HERPUD1",1.48083310181145e-174,0.503767315596724,0.889,0.543,5.55134713207078e-170
"NUBP1",2.04592732836504e-174,0.451599580578459,0.338,0.113,7.66977236857485e-170
"PDHB",1.03680705820652e-173,0.464205886602173,0.394,0.148,3.88678229980458e-169
"TSSC1",1.05921524374122e-173,0.356387110527453,0.213,0.053,3.97078610573709e-169
"COX7C",1.93566618672568e-173,0.507168145804676,0.968,0.891,7.25642540079724e-169
"ACYP2",2.59865658872524e-173,0.493194867909148,0.342,0.119,9.74184381981319e-169
"NUCKS1",7.05199348524988e-173,0.602351684762984,0.596,0.285,2.64365131775048e-168
"SNF8",1.43720614837395e-172,0.501303650614835,0.442,0.179,5.38779840902425e-168
"MCOLN2",2.11194290157926e-172,0.32090347844518,0.189,0.042,7.91725154944032e-168
"LINC00493",4.90488929997802e-172,0.540256899862663,0.47,0.197,1.83874490077576e-167
"CEP57",6.40493760475775e-172,0.491485216393536,0.378,0.138,2.40108300927159e-167
"GRB2",1.05683885285314e-171,0.604664878309269,0.711,0.391,3.96187749157586e-167
"NDUFB8",1.07660613594903e-171,0.614784309503452,0.656,0.347,4.03598108244572e-167
"TXNDC17",1.1365371061834e-171,0.558763564565854,0.438,0.184,4.26065030366031e-167
"SEP15",1.13881076487125e-171,0.588890398377789,0.607,0.296,4.26917379534934e-167
"HSPA4",1.17707114449676e-171,0.496328845376149,0.411,0.155,4.41260430648945e-167
"NDUFB1",1.40142061084142e-171,0.649934575518998,0.736,0.434,5.25364558592233e-167
"ATP5D",1.86472520865021e-171,0.62505445103343,0.659,0.34,6.99048186218791e-167
"SLIRP",2.99046021602212e-171,0.615649349508003,0.556,0.269,1.12106372578237e-166
"TWF2",3.08190895543102e-171,0.516669023478857,0.478,0.198,1.15534602921198e-166
"CLN6",4.05507649295064e-171,0.361111957381402,0.203,0.049,1.52016707567733e-166
"COMMD4",5.5220094524186e-170,0.460309621530043,0.328,0.112,2.07009090352268e-165
"DSTN",1.04261396014842e-169,0.747266230558923,0.398,0.168,3.90855121380439e-165
"MTCH2",1.11582245450321e-169,0.447807296110145,0.341,0.119,4.18299521744164e-165
"MINOS1",1.52565279442009e-169,0.625766146773311,0.642,0.339,5.71936719572204e-165
"ST20",2.40688781629843e-169,0.254148351234269,0.152,0.029,9.02294104573954e-165
"VASP",2.62615363803405e-169,0.689320857025465,0.665,0.348,9.84492475826205e-165
"NOA1",3.77783437724698e-169,0.380359187057644,0.281,0.084,1.41623455134235e-164
"MEN1",8.20601729208734e-169,0.290708226252108,0.162,0.033,3.0762717624577e-164
"RAP1B",4.89171498277147e-168,0.574010934195972,0.597,0.286,1.83380611274137e-163
"MAP2K1",8.01554299088582e-168,0.451616408112913,0.318,0.106,3.00486675642328e-163
"MRPS6",2.60805939632931e-167,0.537057013319382,0.468,0.2,9.77709306495933e-163
"DCK",6.92793297234196e-167,0.552647031864604,0.591,0.265,2.59714351267156e-162
"CLIC4",7.27765197728283e-167,0.503235841759092,0.31,0.105,2.72824617324379e-162
"CERS4",8.45114010727344e-167,0.45468680137979,0.354,0.122,3.16816340341467e-162
"FAM60A",1.05628781843701e-166,0.441384270491076,0.334,0.112,3.95981177375666e-162
"NDUFC2",4.42670385627627e-166,0.619250864952814,0.587,0.292,1.65948274164085e-161
"TMA7",6.96154288468325e-166,0.547751197686071,0.959,0.841,2.60974319661006e-161
"MCTS1",1.00112403163879e-165,0.554153799815238,0.489,0.218,3.7530137698075e-161
"GTF2I",2.38453993312768e-165,0.480068628883305,0.432,0.171,8.93916330130904e-161
"TSG101",4.32045187230549e-165,0.457025267599704,0.386,0.146,1.61965099788988e-160
"ABI3",5.29103782890629e-165,0.455527312581586,0.4,0.15,1.98350426130039e-160
"MFHAS1",6.64128213261443e-165,0.256412122244049,0.126,0.021,2.4896838458745e-160
"PPM1G",1.07059999536878e-164,0.520076920918952,0.489,0.214,4.0134652626385e-160
"PIK3AP1",1.33445005243925e-164,0.414809861168959,0.354,0.12,5.00258635658428e-160
"PSMD6",1.71149697890477e-164,0.4755848090526,0.395,0.153,6.4160598745182e-160
"SERBP1",2.19157015204061e-164,0.627367816765774,0.762,0.467,8.21575818596983e-160
"C19orf43",2.49633003327057e-164,0.611235231386029,0.669,0.352,9.35824202872471e-160
"ARGLU1",3.88519835552986e-164,0.590067047838757,0.735,0.408,1.45648315952103e-159
"MGEA5",4.09629617961483e-164,0.538038521360895,0.417,0.162,1.53561951181401e-159
"NKTR",1.26916160973891e-163,0.557261516637359,0.531,0.237,4.75783304258921e-159
"PARK7",2.36472600311702e-163,0.616323021106842,0.783,0.497,8.86488484048507e-159
"GRAP",2.50537065145639e-163,0.356299302428475,0.245,0.067,9.39213349817971e-159
"MMADHC",4.10101157211562e-163,0.523035144619319,0.489,0.219,1.5373872181547e-158
"BZW1",2.13378814534665e-162,0.544543001593402,0.551,0.254,7.99914499927551e-158
"ARMT1",9.97196286265308e-162,0.334772036707491,0.212,0.055,3.73828943795139e-157
"GTF2H5",1.20382469556727e-161,0.485157754807171,0.418,0.164,4.51289801874257e-157
"CYB5R3",1.37559086907283e-161,0.485948494724472,0.405,0.16,5.15681504998022e-157
"TIFA",1.50338349267561e-161,0.495909504933942,0.383,0.148,5.63588403734231e-157
"NSRP1",3.50571258300911e-161,0.505620761708313,0.373,0.14,1.31422153311846e-156
"RUFY3",5.74991489995152e-161,0.284201905701811,0.151,0.03,2.15552809769382e-156
"EIF3F",8.15834568445164e-161,0.562369225493229,0.899,0.677,3.05840063018723e-156
"FABP5",9.11512915008985e-161,0.561367093821561,0.395,0.158,3.41707961578568e-156
"LYRM4",2.76960394878576e-160,0.488602681149953,0.396,0.153,1.03826912832081e-155
"RPA1",4.69409358733324e-160,0.380954868790586,0.268,0.08,1.75972180401948e-155
"UBE2N",6.0074424766099e-160,0.535193377885168,0.716,0.381,2.25207003563152e-155
"GNB2",1.85859273839977e-159,0.552513920361508,0.559,0.269,6.96749245771307e-155
"ACTR10",2.15344625189593e-159,0.431137613043397,0.33,0.115,8.07283930910745e-155
"OLA1",2.44590442721165e-159,0.4641317595833,0.405,0.16,9.16920651673102e-155
"SHKBP1",2.74690339337436e-159,0.51409789726434,0.491,0.215,1.02975914410818e-154
"CHURC1",1.31710350808054e-158,0.504910729271809,0.549,0.253,4.93755763109234e-154
"CPSF3L",1.45439653607288e-158,0.346025049812579,0.247,0.072,5.45224173443001e-154
"ATP6V0D1",1.08994098756907e-157,0.514526874286677,0.474,0.208,4.08597077419892e-153
"SDHC",1.22816447131342e-157,0.520464678405487,0.524,0.244,4.60414297005974e-153
"EIF4E2",1.85246575586841e-157,0.449599820635443,0.346,0.127,6.94452362559948e-153
"LINC00467",1.92390665684797e-157,0.385173842349958,0.21,0.056,7.21234127519167e-153
"HELLS",1.96907458754503e-157,0.373963964651595,0.194,0.048,7.3816668137888e-153
"SEPT2",2.75010434950925e-157,0.552452782814117,0.476,0.213,1.03095911854403e-152
"CTNNBL1",3.40994686631567e-157,0.430567213294443,0.377,0.14,1.27832088124442e-152
"CLEC2D",3.51197366796424e-157,0.580812004276163,0.639,0.315,1.31656868864643e-152
"NDUFAB1",3.54320749511542e-157,0.563913760359025,0.56,0.279,1.32827762576887e-152
"PDIA3",4.48369854468031e-157,0.685517563736355,0.683,0.397,1.68084891042975e-152
"MZT2B",1.39729898083505e-156,0.688231261400619,0.738,0.465,5.23819441935443e-152
"GOT2",2.90138256340136e-156,0.354376243541861,0.202,0.052,1.0876702953679e-151
"FAM49B",3.14235982199507e-156,0.544330026139313,0.705,0.375,1.17800785006951e-151
"AHSA1",3.57476624839229e-156,0.459252075724021,0.395,0.154,1.3401083711973e-151
"BLNK",7.1131058908237e-156,0.549725872527867,0.614,0.308,2.66656113635199e-151
"CAMK2D",1.105035080155e-155,0.364278500912571,0.278,0.085,4.14255550848506e-151
"RGS1",5.05352292930301e-155,0.737725003972777,0.692,0.385,1.89446467573711e-150
"CHMP2A",1.07799989550151e-154,0.556710592638565,0.549,0.272,4.04120600825605e-150
"MDFIC",1.21631049183269e-154,0.412747252788922,0.233,0.067,4.55970477178237e-150
"PSMD4",1.61687567981308e-154,0.553122135338028,0.584,0.294,6.06134354848327e-150
"NDUFS6",4.45472251097671e-154,0.559134813408942,0.591,0.309,1.66998637491495e-149
"MCM5",5.86071548832239e-154,0.510346733921643,0.436,0.178,2.1970650222623e-149
"PSMD8",7.58171932297225e-154,0.583110445596599,0.643,0.35,2.84223493979584e-149
"QSOX2",7.64614897892857e-154,0.283433759199179,0.175,0.04,2.86638832922074e-149
"BUD31",1.212651585376e-153,0.528552693238693,0.507,0.237,4.54598826325756e-149
"INO80C",1.44973715635959e-153,0.377291853153232,0.248,0.074,5.43477465176084e-149
"DNAJC7",1.62601187818008e-153,0.509945497989584,0.524,0.245,6.09559332892149e-149
"PGK1",2.11173246672102e-153,0.60820139117038,0.76,0.476,7.91646267124375e-149
"HMGN3",2.15180528752931e-153,0.594359223674195,0.635,0.344,8.06668766188987e-149
"DNAJC8",6.003773889426e-153,0.549027633567566,0.574,0.285,2.25069475566802e-148
"EHMT1",6.04153083412056e-153,0.479104884522664,0.351,0.131,2.26484907909512e-148
"GPR137B",1.66276063871497e-152,0.353736359548008,0.168,0.039,6.23335708241468e-148
"MRPS14",1.89234848745317e-152,0.450614004236762,0.347,0.131,7.09403600976445e-148
"RMDN1",4.66299486396263e-152,0.339322321191108,0.235,0.068,1.74806351460231e-147
"USP7",7.77987373896121e-152,0.33705673715261,0.2,0.052,2.91651906726178e-147
"UQCRB",1.23958503728511e-151,0.581481578431388,0.904,0.736,4.64695638777443e-147
"ELK3",1.350393747399e-151,0.415835460484982,0.285,0.094,5.06235608024938e-147
"HSP90AA1",2.72928628970934e-151,0.535208950831461,0.87,0.627,1.02315484428624e-146
"PSMB4",2.81113645374393e-151,0.497077863898014,0.483,0.22,1.05383883377953e-146
"C12orf49",3.6370019789576e-151,0.358368231609235,0.226,0.064,1.36343930187162e-146
"PHF5A",4.55049841715777e-151,0.439984145868455,0.383,0.149,1.7058908466241e-146
"THRAP3",1.27792974127349e-150,0.539008719111379,0.582,0.288,4.79070301408607e-146
"BABAM1",1.52492348764345e-150,0.447872343821319,0.399,0.162,5.71663317047776e-146
"MMP24-AS1",2.50771266187315e-150,0.39431255314997,0.283,0.093,9.40091322683007e-146
"HLA-DOB",2.83548319861066e-150,0.592838798879961,0.664,0.354,1.06296594149516e-145
"ARID4B",3.10882958763327e-150,0.579437180474546,0.584,0.286,1.16543803581196e-145
"COX7A2L",4.74238311211224e-150,0.546653446683958,0.688,0.387,1.77782458106864e-145
"C6orf48",5.36757825553541e-150,0.58406733277843,0.77,0.461,2.01219773643511e-145
"NDUFA1",7.36837495712714e-150,0.578749494742837,0.807,0.54,2.76225640392782e-145
"TRAF4",8.59233672225657e-150,0.589616469533847,0.295,0.101,3.22109519043954e-145
"PPP2R1A",1.24821700678466e-149,0.500968322924163,0.521,0.242,4.67931591503432e-145
"CDK2AP2",2.87567681881362e-149,0.584471136077582,0.526,0.259,1.07803372583685e-144
"RAB3GAP2",9.22289512057331e-149,0.394781230211589,0.231,0.066,3.45747892280052e-144
"C17orf89",2.68602375816114e-148,0.459877654201096,0.377,0.149,1.00693658645945e-143
"ACO2",5.88182971619938e-148,0.504445319077736,0.451,0.198,2.20498032400882e-143
"NIN",6.07310180527581e-148,0.432816704864586,0.347,0.125,2.2766844047618e-143
"POLR1D",8.75869570912798e-148,0.578222027954572,0.649,0.357,3.2834598474379e-143
"ATP5H",1.13638092957527e-147,0.507904655654586,0.458,0.202,4.26006482879179e-143
"ARF5",1.24261989830317e-147,0.495615012274385,0.566,0.271,4.65833347475894e-143
"DAZAP1",1.36589038644302e-147,0.450977694747747,0.355,0.135,5.12044988069759e-143
"C11orf73",1.55596664821576e-147,0.40607492174468,0.291,0.099,5.83300777083122e-143
"TCEAL8",2.96036565819688e-147,0.454500760815359,0.35,0.134,1.10978187794485e-142
"LINC01420",1.279235965797e-146,0.420119714356469,0.354,0.134,4.79559978857979e-142
"CBWD5",1.55730261053574e-146,0.38744166740824,0.345,0.126,5.83801602637638e-142
"ADSL",2.88055343841118e-146,0.394746956531323,0.278,0.093,1.07986187299158e-141
"POLR2J",4.7895883240364e-146,0.553766725646754,0.55,0.275,1.79552087091476e-141
"ACSF3",1.11784557284478e-145,0.386157825143906,0.256,0.081,4.19057948348049e-141
"IL4I1",1.1691076641677e-145,0.359922145374208,0.141,0.029,4.38275081143186e-141
"COX17",2.51513776678069e-145,0.581481348649636,0.642,0.359,9.42874846010743e-141
"AL928768.3",4.6862623824074e-145,1.32352834945608,0.344,0.135,1.75678604191689e-140
"LARP7",1.09857561381908e-144,0.455592713637159,0.417,0.173,4.11834026108498e-140
"RAB4B",1.62820525068553e-144,0.358843825471642,0.267,0.084,6.10381584376993e-140
"TMEM161A",2.01036531388773e-144,0.312880228247161,0.167,0.039,7.53645748870232e-140
"USP6NL",2.81257297805289e-144,0.391422988760244,0.253,0.078,1.05437735801247e-139
"SS18",4.13155053089666e-144,0.424731872512439,0.32,0.115,1.54883566302254e-139
"PSMB7",6.46628091164136e-144,0.517396501355303,0.542,0.271,2.42407938815611e-139
"ZNF141",7.90076328414897e-144,0.277543064025113,0.148,0.031,2.96183813996176e-139
"SYF2",2.32472620442889e-143,0.551252402670023,0.697,0.392,8.71493359516302e-139
"POLR2L",2.92827130739834e-143,0.586256389071407,0.73,0.451,1.09775034771749e-138
"STRAP",3.53933896823432e-143,0.48002562826687,0.489,0.227,1.32682739241168e-138
"CD72",4.77339968025153e-143,0.4740710894857,0.485,0.205,1.78945207213269e-138
"C2orf76",5.43181741762026e-143,0.310738107369959,0.16,0.037,2.03627971351748e-138
"MRPL23",6.4651370327059e-143,0.475589772484122,0.474,0.217,2.42365057082079e-138
"SNU13",8.07014619737373e-143,0.566369120405932,0.767,0.502,3.02533640647146e-138
"CIRBP",1.16696691731708e-142,0.506028177779072,0.951,0.814,4.37472557963826e-138
"SNRPB2",3.18046245089731e-142,0.51934506841838,0.617,0.326,1.19229176359238e-137
"ETFB",4.30642145746442e-142,0.477142886295061,0.48,0.221,1.61439127597426e-137
"SNRPD3",5.0208209479221e-142,0.555826974086146,0.566,0.29,1.88220535695704e-137
"MDH2",1.15092120055308e-141,0.53315023258385,0.631,0.343,4.31457339663339e-137
"NAA38",1.21301268471623e-141,0.572129288545589,0.577,0.308,4.54734195246419e-137
"WBSCR22",2.30983884868635e-141,0.429748485072166,0.362,0.143,8.65912387595538e-137
"MRPL13",3.07282359875622e-141,0.391485599248315,0.326,0.121,1.15194011070173e-136
"ANAPC15",4.03417734499817e-141,0.449189902744779,0.323,0.121,1.51233240309291e-136
"TXNDC9",8.10772537308148e-141,0.368201142030022,0.289,0.1,3.03942408786079e-136
"MGME1",9.13837032562262e-141,0.325850619448342,0.242,0.073,3.42579226766941e-136
"HSPBP1",1.70152913998512e-140,0.360053219891745,0.207,0.059,6.37869243997623e-136
"RABEP1",1.84200903781112e-140,0.36407268319734,0.31,0.108,6.90532348094631e-136
"SMC4",2.7993828745419e-140,0.402818433520812,0.262,0.086,1.04943265200827e-135
"MRPL35",3.89212335239472e-140,0.354548414450839,0.225,0.067,1.45907920234573e-135
"KLHL5",1.06138729821977e-139,0.37769892031781,0.233,0.071,3.97892870356627e-135
"NCOA7",1.18139662439492e-139,0.361755030315283,0.248,0.078,4.42881966553166e-135
"RBM3",1.23429478535255e-139,0.546616411755977,0.862,0.63,4.62712429132963e-135
"SRSF10",1.43557395721139e-139,0.499039100489538,0.557,0.271,5.38167965079407e-135
"SYNCRIP",1.61008241897355e-139,0.433315458012706,0.347,0.135,6.03587697224806e-135
"OSBPL9",3.03403673959382e-139,0.43284805760758,0.307,0.113,1.13739969293893e-134
"ATP5G1",3.69904082311513e-139,0.501266731739107,0.454,0.204,1.3866964237694e-134
"RBM38",6.22773110364125e-139,0.417034454173933,0.377,0.147,2.33465183613303e-134
"DNAJB2",8.20309701865801e-139,0.382672664288646,0.285,0.098,3.07517701035451e-134
"NAP1L1",8.44808685167499e-139,0.565451404777915,0.887,0.654,3.16701879895592e-134
"TRAC",1.93257674344289e-138,0.361495132135123,0.6,0.294,7.24484369581869e-134
"NDUFC1",2.18630872025619e-138,0.554751473804465,0.544,0.282,8.1960341304964e-134
"SNRPB",2.83245670584494e-138,0.559178010810901,0.739,0.453,1.06183136988715e-133
"MRPL52",2.91883635205322e-138,0.552715836580595,0.632,0.352,1.09421337165771e-133
"TNFRSF13C",4.66661784764301e-138,0.554589744421581,0.775,0.447,1.74942169872441e-133
"URM1",5.23776422141665e-138,0.464472094214312,0.376,0.153,1.96353305132467e-133
"NDUFB2",6.62635743164193e-138,0.528915514757779,0.759,0.478,2.48408887397393e-133
"MYL6B",8.40163061347642e-138,0.424279348388386,0.322,0.124,3.14960328438004e-133
"CSNK1A1",9.57612551033982e-138,0.478746030830271,0.535,0.26,3.58989793131619e-133
"AP2M1",1.22482612008292e-137,0.526576421470159,0.587,0.309,4.59162815896684e-133
"FAM104B",2.26986814386814e-137,0.326782538232904,0.198,0.055,8.50928169773288e-133
"USP12",3.15062322254361e-137,0.339929319894936,0.237,0.072,1.18110563366715e-132
"FAM107B",4.57885775974311e-137,0.522277774327203,0.537,0.262,1.7165221969725e-132
"DGUOK",8.69911416495854e-137,0.536829254121852,0.556,0.286,3.26112391815966e-132
"IARS2",9.05994890196089e-137,0.33790291647833,0.273,0.091,3.3963936443671e-132
"PUF60",1.40907482441376e-136,0.461137056964825,0.482,0.224,5.28233970176232e-132
"LILRB1",2.12246533699052e-136,0.440262027140681,0.266,0.088,7.95669805531007e-132
"SNX3",2.22157975035355e-136,0.543758561433784,0.86,0.607,8.32825816812539e-132
"LRRK1",3.41400651106281e-136,0.331838267664425,0.192,0.052,1.27984276086723e-131
"ATP5SL",4.96516500859096e-136,0.288071235550537,0.193,0.052,1.86134105842058e-131
"HACD2",5.50505192786301e-136,0.329245328733951,0.173,0.043,2.06373386671728e-131
"SNX8",7.67704571024714e-136,0.371603400418252,0.289,0.099,2.87797089585745e-131
"MAP4K2",8.75444745051411e-136,0.365311744209729,0.3,0.105,3.28186726024873e-131
"CPSF3",1.80455674729926e-135,0.283561722062786,0.197,0.054,6.76492233427547e-131
"NUDT21",2.60094728358034e-135,0.440917616947464,0.361,0.147,9.75043117668598e-131
"RPL26L1",3.47920044604561e-135,0.381209093489985,0.285,0.102,1.30428266321358e-130
"EIF2B1",3.82745822919402e-135,0.348502266105029,0.294,0.104,1.43483754096025e-130
"MX1",4.53095646258305e-135,0.444468008418542,0.513,0.246,1.69856495869313e-130
"MRPL47",7.51277552978327e-135,0.396785623047459,0.33,0.127,2.81638929060515e-130
"ATP8A1",9.51093879983907e-135,0.341162432022366,0.21,0.06,3.56546073728367e-130
"SGMS1",1.06820882031692e-134,0.26407917017408,0.149,0.033,4.00450122560406e-130
"TMEM159",1.14503412311456e-134,0.305822972889289,0.187,0.049,4.29250392073185e-130
"MRPL9",5.93216554948627e-134,0.387784990357263,0.388,0.16,2.22385022119141e-129
"SNRPC",6.99331031304257e-134,0.506082147977804,0.544,0.279,2.6216521701534e-129
"CASP3",9.59137884501311e-134,0.39410353996604,0.224,0.071,3.59561610141851e-129
"PASK",1.00174502814275e-133,0.329971447364434,0.206,0.059,3.75534176150155e-129
"ARPC5L",1.39973803527874e-133,0.589959236429832,0.605,0.338,5.24733794665294e-129
"NIP7",1.51735807797496e-133,0.342537051455719,0.24,0.075,5.68827196271254e-129
"MED28",2.51419517837726e-133,0.425185082490954,0.454,0.201,9.42521488470067e-129
"PAIP2",2.68671620138702e-133,0.531588942650788,0.663,0.377,1.00719616957597e-128
"PLEKHF2",5.12879011885979e-133,0.434492273581728,0.536,0.244,1.92268083975816e-128
"CCT4",6.39967072094167e-133,0.49322148342442,0.577,0.298,2.39910855986661e-128
"RAD17",1.07954932763859e-132,0.361797569794684,0.218,0.066,4.04701451945153e-128
"RBM42",1.10393716011755e-132,0.402847035547401,0.354,0.142,4.13843962584867e-128
"UBL5",1.11205546045492e-132,0.574110473066572,0.852,0.626,4.16887351015339e-128
"RELB",1.64709012249232e-132,0.472853657856607,0.339,0.135,6.17461145119921e-128
"JAK1",2.16753605011365e-132,0.487753274552963,0.645,0.346,8.12565914466605e-128
"ATP6V1G1",3.12045070125909e-132,0.6099173463129,0.883,0.689,1.16979455888801e-127
"TAF12",3.83290858047585e-132,0.411460595037843,0.343,0.137,1.43688076864879e-127
"ICT1",5.05705024401799e-132,0.269758295137346,0.158,0.039,1.89578699547746e-127
"ETFA",7.07208931968718e-132,0.439180649816887,0.407,0.178,2.65118484416433e-127
"NEDD8",8.08704292555479e-132,0.543076713606152,0.746,0.475,3.03167065193198e-127
"WAS",1.16254521899172e-131,0.476045550179275,0.52,0.25,4.35814951695615e-127
"SVBP",1.5234519849115e-131,0.405610137823067,0.322,0.122,5.71111680103623e-127
"SUMO1",1.69269784841751e-131,0.524533248699079,0.664,0.378,6.34558569414756e-127
"MRPL32",2.58137437053387e-131,0.386243439898439,0.329,0.129,9.67705624025735e-127
"THOC2",3.50453733541187e-131,0.463614628985585,0.386,0.161,1.3137809562992e-126
"POLR2J3",4.02880845930834e-131,0.499121320069866,0.503,0.236,1.51031971522551e-126
"ALOX5",1.20459649316965e-130,0.488345264088045,0.352,0.139,4.51579133359437e-126
"CHCHD1",1.3157148664573e-130,0.434269314990764,0.365,0.154,4.93235189137511e-126
"COPS4",5.55166725930681e-130,0.351874623356545,0.276,0.096,2.08120902216894e-125
"ANKRD26",1.52864530768512e-129,0.251791361796665,0.143,0.032,5.73058552945e-125
"FAM58A",1.92201217725074e-129,0.322686536733881,0.221,0.068,7.20523925007758e-125
"DUSP10",2.10909400023368e-129,0.295416116743586,0.19,0.052,7.90657158807601e-125
"CD19",2.92995385847446e-129,0.473688484908921,0.755,0.427,1.09838110246491e-124
"EED",3.56876222161366e-129,0.329696783913742,0.234,0.073,1.33785758163853e-124
"TMEM156",1.02197649740334e-128,0.491050767236399,0.472,0.221,3.83118549346564e-124
"UQCRH",1.15440992453643e-128,0.504726508053595,0.88,0.693,4.32765192510216e-124
"RP11-16E12.2",1.23912790126128e-128,0.352070598992172,0.174,0.047,4.6452426762483e-124
"MZT2A",2.29687524186289e-128,0.520147129593269,0.611,0.338,8.61052590669559e-124
"GYPC",2.50359709349933e-128,0.606869529124474,0.726,0.461,9.38548478411029e-124
"NDFIP2",2.96056405014629e-128,0.28005978863567,0.129,0.028,1.10985625111884e-123
"ZNF827",4.88635721055264e-128,0.265249665594069,0.129,0.027,1.83179759109197e-123
"ZNF207",5.78956816616944e-128,0.454243192444001,0.553,0.277,2.1703933141336e-123
"ACAP2",6.06706351427381e-128,0.426900297583901,0.397,0.167,2.27442077023097e-123
"SEC62",8.26965175438747e-128,0.56711638697874,0.816,0.562,3.10012704968477e-123
"NCOA3",9.07980937239234e-128,0.480315952880532,0.452,0.206,3.40383893752244e-123
"PRKRA",1.331757456618e-127,0.429246134685128,0.316,0.124,4.99249235336956e-123
"FAM207A",4.19176613583369e-127,0.355103829484265,0.268,0.095,1.57140928900134e-122
"CCDC53",4.75188725014879e-127,0.333691872366481,0.252,0.086,1.78138749233578e-122
"DNAJC15",5.1772582191821e-127,0.498412009001222,0.544,0.288,1.94085056120698e-122
"IAH1",5.59239599350991e-127,0.450427679918713,0.434,0.197,2.096477410047e-122
"FUBP1",1.17302175170694e-126,0.381718392746885,0.369,0.151,4.39742394279897e-122
"MRPL28",1.19038697075104e-126,0.405131839284583,0.366,0.152,4.4625226759515e-122
"GTF2E2",1.20159466492456e-126,0.388365367305197,0.315,0.121,4.50453807986917e-122
"EIF2S2",1.36369561344214e-126,0.580970462676116,0.586,0.333,5.11222211567191e-122
"TMEM129",1.39939473679052e-126,0.348518879801397,0.209,0.063,5.24605098928029e-122
"RAB30",1.48681989439386e-126,0.434848273574094,0.287,0.107,5.5737904201037e-122
"TMEM243",1.9027440223528e-126,0.539255690912534,0.731,0.449,7.13300679099619e-122
"ETS1",2.27307637028841e-126,0.365573434316807,0.391,0.161,8.52130869693719e-122
"ECH1",4.6538164225513e-126,0.481137376641593,0.573,0.302,1.74462270048603e-121
"MRPL4",4.70389564441281e-126,0.406654160105365,0.365,0.153,1.76339639917747e-121
"CNDP2",6.40177306658718e-126,0.441798694667445,0.451,0.207,2.3998966872022e-121
"WDR18",7.31780002234838e-126,0.324368322013858,0.232,0.075,2.74329687237796e-121
"IPO5",1.17786795301872e-125,0.304836971615859,0.207,0.062,4.41559138227659e-121
"MRPL27",3.34610178376791e-125,0.402122454156973,0.337,0.138,1.25438663669891e-120
"S100A10",3.59665624968849e-125,0.782330371311427,0.606,0.362,1.34831449488322e-120
"COMMD8",4.39368684082396e-125,0.398320555655637,0.36,0.147,1.64710532288809e-120
"GGNBP2",6.27795783275135e-125,0.459162788011825,0.489,0.234,2.35348083234183e-120
"VPS25",8.43446610072651e-125,0.405048542128283,0.294,0.112,3.16191265184035e-120
"SLC25A6",1.16797021213042e-124,0.41988762054253,0.961,0.865,4.37848673123454e-120
"HNRNPF",2.33084193538268e-124,0.50474279099436,0.717,0.43,8.73786024736259e-120
"TPGS2",2.76489748521355e-124,0.33070161768724,0.252,0.086,1.03650476925686e-119
"HYPK",3.25149779914285e-124,0.276836797752396,0.145,0.034,1.21892149494267e-119
"CCT2",3.69857619059058e-124,0.431813846252483,0.464,0.217,1.3865222423286e-119
"ARL2BP",4.08491091809716e-124,0.50075377257014,0.392,0.176,1.53135140497626e-119
"GLRX5",2.09560084849438e-123,0.332762821363711,0.264,0.093,7.85598846083574e-119
"NME1",2.78398733584874e-123,0.528542376267026,0.36,0.16,1.04366117246297e-118
"MAGOH",3.67426033141328e-123,0.427581022090433,0.506,0.248,1.37740671304021e-118
"DUSP2",3.83149501808038e-123,0.467135823356048,0.506,0.25,1.43635085237797e-118
"HAUS1",6.67236415269569e-123,0.330674538131321,0.287,0.104,2.50133587356256e-118
"SMDT1",6.8057997472077e-123,0.51034045143592,0.811,0.568,2.55135820923322e-118
"EIF3M",7.25238348810315e-123,0.5053950612631,0.664,0.388,2.71877352202011e-118
"GNG5",7.89942263994409e-123,0.51045529009934,0.738,0.463,2.96133555926224e-118
"CHRAC1",9.91208321503363e-123,0.366317612890583,0.301,0.113,3.71584175565181e-118
"TMEM256",2.03631493744842e-122,0.519519325959891,0.628,0.363,7.63373743750662e-118
"KLC1",2.87041376825314e-122,0.358627927141654,0.255,0.088,1.07606071344274e-117
"EIF3L",3.11914743159596e-122,0.494625931487806,0.845,0.622,1.16930598915669e-117
"MRPL48",3.230237026755e-122,0.352031108086137,0.273,0.1,1.21095125658992e-117
"SNX29",3.48757674749193e-122,0.414404976857049,0.306,0.113,1.30742277109977e-117
"MDM4",3.72646224893034e-122,0.543750641565658,0.53,0.262,1.396976167879e-117
"SNRNP70",4.35108819045318e-122,0.455021336085929,0.493,0.244,1.63113594083709e-117
"NACA2",4.5538489520523e-122,0.458822526078995,0.449,0.206,1.70714689514537e-117
"XRCC6",5.00104870716007e-122,0.473467817599777,0.64,0.361,1.87479313934017e-117
"CCND3",5.01502255790441e-122,0.488728884531304,0.513,0.253,1.8800316565072e-117
"UQCRFS1",5.09559405968455e-122,0.477909330740404,0.557,0.298,1.91023630109454e-117
"C1QBP",6.61462317955865e-122,0.549688927017359,0.634,0.374,2.47968993755295e-117
"PTS",1.19229765257135e-121,0.346447582490282,0.22,0.071,4.46968543995947e-117
"ELAVL1",1.21075320731956e-121,0.386016572372037,0.382,0.163,4.53887162359956e-117
"UBA2",1.25825687680821e-121,0.414033039099666,0.383,0.164,4.71695337977862e-117
"PNN",1.55143948535336e-121,0.451765142935012,0.637,0.343,5.81603634269269e-117
"ELP6",1.81059746437782e-121,0.337133737721718,0.241,0.081,6.78756777445959e-117
"BLOC1S2",1.98922903745137e-121,0.41451070254567,0.541,0.266,7.45722181559769e-117
"UQCRHL",3.22171784218141e-121,0.367952297303404,0.314,0.122,1.20775758467697e-116
"ATOX1",3.35899908792958e-121,0.468178614077928,0.417,0.198,1.25922157808304e-116
"UGP2",4.47110266475771e-121,0.397542064355542,0.464,0.217,1.67612696696437e-116
"NAA50",8.23959556887245e-121,0.408223015312895,0.337,0.137,3.0888595868589e-116
"COX8A",8.57255335843026e-121,0.552297471201398,0.766,0.512,3.21367880300834e-116
"PMPCB",9.11961687688735e-121,0.398577035113426,0.423,0.19,3.41876197480753e-116
"MYL12A",9.40596706637506e-121,0.450741675503019,0.944,0.78,3.52610893384268e-116
"PSMD3",1.01095176825927e-120,0.399301093102935,0.369,0.159,3.78985598885035e-116
"DAXX",1.12548737475756e-120,0.376262978415241,0.311,0.12,4.21922707049116e-116
"PSMB6",1.69621615652939e-120,0.481223610690453,0.588,0.328,6.3587751275974e-116
"COMMD3",2.78682680462583e-120,0.491962525315157,0.412,0.194,1.04472563251813e-115
"COMMD10",3.90092583547145e-120,0.33555139615373,0.248,0.085,1.46237907720154e-115
"HLA-DQA1",6.10850848367161e-120,0.671728262775097,0.949,0.795,2.28995766035881e-115
"RRAGA",7.5098912267936e-120,0.334646406002689,0.3,0.114,2.81530802310038e-115
"PPA1",8.22024793649668e-120,0.517533043026711,0.563,0.314,3.08160654643388e-115
"PSMC1",8.34008480259691e-120,0.404951340428701,0.397,0.178,3.12653099079753e-115
"RPA3",8.35081115971294e-120,0.491882504470412,0.483,0.239,3.13055208755319e-115
"UBE2D3",9.09299821317999e-120,0.509222475050084,0.838,0.592,3.40878317015691e-115
"TRAF1",9.10634429159915e-120,0.254974752379913,0.136,0.032,3.41378634803469e-115
"POLD4",1.06105746737318e-119,0.545592348410968,0.578,0.298,3.97769223368859e-115
"MTHFS",1.10126004660278e-119,0.301303080199046,0.225,0.073,4.1284036627045e-115
"SMARCC1",2.23482021654425e-119,0.338879967314642,0.331,0.13,8.37789402778109e-115
"NEK8",3.00858963800551e-119,0.328945770180184,0.21,0.065,1.12786008349551e-114
"USP22",3.10660705391026e-119,0.330962604171087,0.281,0.102,1.16460485236988e-114
"LYRM1",3.85666338105988e-119,0.359622008691026,0.304,0.116,1.44578596829173e-114
"PSMD14",4.0812496676588e-119,0.377476969332012,0.325,0.132,1.52997887541193e-114
"SET",6.4232679586038e-119,0.543206937121534,0.715,0.444,2.40795469232139e-114
"RPL4",6.79550564836261e-119,0.388331876296276,0.981,0.945,2.54749915745817e-114
"HIGD1A",1.0105420044124e-118,0.30979746870655,0.242,0.083,3.78831986614121e-114
"FAM96B",1.45488250497921e-118,0.467850372490095,0.577,0.314,5.45406353466607e-114
"DHX15",4.35020015943851e-118,0.331316170998262,0.267,0.096,1.63080303577031e-113
"NONO",4.64672312045927e-118,0.435765007863455,0.506,0.251,1.74196356339777e-113
"KPNA2",2.15983501676771e-117,0.319678405896892,0.231,0.078,8.09678951085879e-113
"G3BP1",4.94359808066236e-117,0.364403017512131,0.365,0.153,1.85325604847871e-112
"TBCB",1.08441691708186e-116,0.435775131419195,0.523,0.261,4.06526213875648e-112
"LNPEP",1.30251571182825e-116,0.382296681820925,0.375,0.158,4.88287090050176e-112
"ILF2",1.67046661917552e-116,0.486935281651476,0.497,0.257,6.26224526196519e-112
"NOB1",1.83536682636454e-116,0.362097149924154,0.339,0.139,6.88042315867539e-112
"CCT6A",1.85720415187777e-116,0.418009349505817,0.451,0.214,6.9622869245594e-112
"GABARAPL2",1.97069398140691e-116,0.452245751688332,0.672,0.393,7.38773759749824e-112
"PMAIP1",4.20935055954108e-116,0.471123454785274,0.514,0.255,1.57800133776076e-111
"RAP1A",8.98987297378197e-116,0.449244340534758,0.602,0.326,3.37012358041138e-111
"RAB30-AS1",9.30076756739044e-116,0.333130431212516,0.217,0.071,3.48667174566333e-111
"SMCO4",1.22605044592067e-115,0.35373494296901,0.191,0.059,4.59621791166739e-111
"PSMA5",1.3102753127702e-115,0.438677389784507,0.491,0.248,4.91196009251292e-111
"RAB11FIP1",1.56215192018181e-115,0.336346541607112,0.342,0.137,5.85619511837756e-111
"C16orf87",6.19867325680633e-115,0.371008638766834,0.273,0.102,2.32375863051156e-110
"FCRL3",9.13103593553815e-115,0.324905909120786,0.24,0.08,3.42304275151454e-110
"MRPL37",1.20373204776324e-114,0.348590390988887,0.275,0.104,4.51255070065484e-110
"SREBF2",1.81841523895732e-114,0.305648896940024,0.214,0.068,6.81687504780319e-110
"RBM17",1.98533008950373e-114,0.444763767629807,0.49,0.247,7.44260543953159e-110
"MTX1",3.14915356839062e-114,0.331635794817614,0.262,0.098,1.18055468971827e-109
"CNP",3.30906190914158e-114,0.342205077115769,0.249,0.089,1.240501128499e-109
"MKNK2",3.53763318164412e-114,0.411988788172298,0.354,0.151,1.32618792713475e-109
"RAB11A",3.60696901149575e-114,0.436222601574616,0.456,0.22,1.35218054302953e-109
"AMD1",4.29612337745332e-114,0.452136186442708,0.419,0.196,1.6105307317397e-109
"CCDC167",5.49589127932097e-114,0.454467096922951,0.393,0.185,2.06029972279185e-109
"UPF3A",6.66520900516422e-114,0.378569561689204,0.375,0.164,2.49865355185596e-109
"POLR2E",6.93963047778173e-114,0.444335234681503,0.493,0.251,2.60152867351082e-109
"FIBP",7.38625684037111e-114,0.415078124012391,0.442,0.21,2.76895996431832e-109
"TSN",8.45070272413486e-114,0.318001552745889,0.317,0.125,3.16799943722367e-109
"SNRNP25",1.1896410199634e-113,0.379904427074906,0.352,0.15,4.45972625563878e-109
"CAPZA2",2.66557925793792e-113,0.455029457108696,0.517,0.266,9.99272352215767e-109
"ZCCHC6",4.01547094133828e-113,0.296763089728947,0.174,0.05,1.50531974648889e-108
"OAZ2",4.2958711575832e-113,0.360615429221288,0.323,0.132,1.61043617955479e-108
"STK17A",4.6406583748502e-113,0.457360245343307,0.791,0.489,1.73969001156384e-108
"SUMO2",5.12581309871883e-113,0.455116597332474,0.901,0.716,1.92156481444772e-108
"PPHLN1",6.98206930583484e-113,0.406869340816692,0.48,0.235,2.61743814137137e-108
"TANK",8.63678889337248e-113,0.418979546976835,0.444,0.21,3.23775942034748e-108
"RHOG",1.12156774166091e-112,0.442791076415425,0.598,0.322,4.2045331499384e-108
"ZCCHC10",2.88228995563318e-112,0.348519209746007,0.36,0.153,1.08051285856777e-107
"SRSF1",4.47522370717053e-112,0.389829249642392,0.444,0.207,1.67767186334409e-107
"EIF6",4.60981231768818e-112,0.420886827929317,0.48,0.24,1.72812644165495e-107
"GSN",4.80879244153771e-112,0.387998487680829,0.221,0.074,1.80272011048366e-107
"GGCT",5.24934966939081e-112,0.30468766289489,0.254,0.091,1.96787620406123e-107
"MAPK1IP1L",5.2803732758162e-112,0.408624516367645,0.479,0.239,1.97950633363798e-107
"NDUFS7",5.67420203809107e-112,0.466069228934116,0.572,0.321,2.12714486003958e-107
"NUTF2",5.9559396498363e-112,0.407213338266327,0.419,0.197,2.23276265593063e-107
"LINC00869",6.36840409181308e-112,0.255950285808472,0.195,0.059,2.38738732593889e-107
"DLD",6.74009425497567e-112,0.291288765035788,0.235,0.081,2.52672653430528e-107
"COA3",7.34607005617403e-112,0.376768701457714,0.359,0.16,2.75389474265852e-107
"MRPL45",1.21640093934515e-111,0.308632769846922,0.227,0.077,4.56004384141711e-107
"COA6",1.54444630525903e-111,0.353287906665602,0.271,0.103,5.78982030915505e-107
"SEC61B",1.63582772453583e-111,0.372999851423902,0.782,0.476,6.13239097373991e-107
"RBM8A",5.04927404527203e-111,0.471528464251208,0.686,0.418,1.89287185409158e-106
"PEA15",7.04345411547011e-111,0.327179844059725,0.277,0.104,2.64045007880744e-106
"DTNBP1",1.10041446974434e-110,0.319047140543208,0.313,0.124,4.1252337641776e-106
"PSMD2",1.14392119419316e-110,0.371511901721901,0.36,0.158,4.28833177279132e-106
"HNRNPR",1.34990252419848e-110,0.41884636949749,0.547,0.286,5.06051458271525e-106
"PTDSS1",1.48281791943822e-110,0.326361722730021,0.345,0.143,5.55878781638999e-106
"MRPL12",1.55387558770013e-110,0.362376097542829,0.283,0.112,5.82516880317025e-106
"MRPS18C",1.63055602755125e-110,0.41805068058419,0.409,0.194,6.11262843608411e-106
"NASP",2.67491647889661e-110,0.434744994297752,0.438,0.209,1.00277268960876e-105
"BANF1",3.60042279251053e-110,0.420461091482546,0.573,0.309,1.34972649645635e-105
"EXOSC3",5.40956520715329e-110,0.278974952734926,0.217,0.072,2.02793780485762e-105
"NDUFA8",8.52471555019584e-110,0.368731815909815,0.329,0.142,3.19574536545741e-105
"PDIA6",1.64346859469605e-109,0.50789338334275,0.654,0.389,6.16103506779655e-105
"CBWD1",2.14254722579263e-109,0.354721197745382,0.28,0.108,8.0319810400514e-105
"ATP6V1D",3.61137127442002e-109,0.330042148017187,0.233,0.083,1.35383086335458e-104
"RP11-796E2.4",4.49096586340534e-109,0.284575941511457,0.359,0.147,1.68357328287339e-104
"LAP3",4.95683813609338e-109,0.398628873441425,0.385,0.181,1.85821948045868e-104
"PHB2",5.01464753979403e-109,0.439053642834851,0.63,0.363,1.87989106971799e-104
"RAB4A",5.31941407142299e-109,0.411465171810617,0.351,0.156,1.99414194709505e-104
"ILF3",6.14256758316974e-109,0.397413331175502,0.436,0.206,2.30272573557867e-104
"PNRC2",6.70367212331442e-109,0.392718975044222,0.496,0.242,2.51307260558811e-104
"C21orf59",6.97638050285336e-109,0.306592558434681,0.219,0.074,2.61530552290967e-104
"PRPF40A",7.0658142971734e-109,0.384183254620892,0.45,0.219,2.64883246372437e-104
"TOMM22",8.26876876251443e-109,0.424335772540698,0.55,0.294,3.09979603369141e-104
"HADHB",8.368744593718e-109,0.348266232212622,0.363,0.159,3.137274973293e-104
"RRP7A",9.29173905241054e-109,0.379632885415447,0.38,0.169,3.48328713596767e-104
"SNHG25",1.00462954997741e-108,0.514646596021793,0.443,0.218,3.76615525695531e-104
"ZNF580",1.46719839722422e-108,0.374799258684942,0.348,0.152,5.50023335151417e-104
"MRPS15",1.50568227201113e-108,0.408097401167384,0.394,0.188,5.64450170131531e-104
"SOD1",1.86592923943901e-108,0.506430512422961,0.74,0.499,6.99499553280896e-104
"PANK2",2.33846502974639e-108,0.315499573357359,0.222,0.075,8.76643770351326e-104
"NUDT16L1",2.77647125917221e-108,0.356423519922974,0.29,0.115,1.04084354563848e-103
"MRPS23",4.08524634967057e-108,0.338606850742991,0.296,0.12,1.5314771515645e-103
"PSMD13",4.98577830852098e-108,0.393726426538978,0.439,0.215,1.86906857229835e-103
"PDZD11",8.69095014711971e-108,0.322995059208299,0.208,0.069,3.25806339115224e-103
"SMC3",9.7406921837598e-108,0.384241410003688,0.349,0.151,3.65159068584787e-103
"NDUFA2",1.92151215238572e-107,0.488552339430658,0.606,0.357,7.20336475686358e-103
"NUP88",2.02958515856409e-107,0.27452183383978,0.272,0.1,7.60850884242505e-103
"SEC61G",2.21094246224501e-107,0.430490328825441,0.766,0.479,8.28838110246408e-103
"PSMC2",3.16640868453667e-107,0.357083701107159,0.302,0.125,1.18702328765911e-102
"LY86",3.77797092142423e-107,0.445728466342586,0.744,0.427,1.41628573902352e-102
"UBE2V2",5.29345917063465e-107,0.352548488964599,0.367,0.164,1.98441197388752e-102
"TNFRSF17",8.88888401656499e-107,0.407036713112123,0.365,0.167,3.33226484012988e-102
"SLTM",1.03072724104839e-106,0.406638534658317,0.475,0.238,3.86399028124219e-102
"EIF3J",2.4130991633768e-106,0.416044959161321,0.412,0.2,9.04622614366694e-102
"TAF10",2.47410623455707e-106,0.310493662928873,0.267,0.102,9.27492945210756e-102
"C5orf15",3.6989218108935e-106,0.324457235145942,0.289,0.113,1.38665180846775e-101
"HNRNPH2",3.9899633253723e-106,0.340975539122168,0.319,0.131,1.49575745141557e-101
"PCED1B",5.4885401659616e-106,0.361143501073439,0.279,0.111,2.05754393741569e-101
"ZBTB8OS",7.43095444530929e-106,0.52941125096754,0.409,0.205,2.78571620245755e-101
"PTEN",2.60534029683716e-105,0.325564652357952,0.28,0.109,9.76689970478313e-101
"CHTOP",3.68578244206124e-105,0.330714209466782,0.328,0.14,1.38172612187992e-100
"CCAR1",4.53271700903026e-105,0.334855683279275,0.303,0.124,1.69922495234527e-100
"UBQLN1",4.57027240781065e-105,0.334477073899558,0.295,0.12,1.71330372024006e-100
"ZYX",6.48031989298754e-105,0.318289475925223,0.282,0.11,2.42934232148317e-100
"TXN2",6.892367712178e-105,0.373692655933201,0.451,0.224,2.58381080794129e-100
"RSRC2",6.95476199139151e-105,0.467175890142523,0.504,0.267,2.60720117533285e-100
"CLINT1",1.05660555211404e-104,0.354287797599671,0.309,0.131,3.96100289376512e-100
"MAGEF1",1.57848821269065e-104,0.297287076651621,0.233,0.083,5.9174366117347e-100
"SKA2",1.88910206413383e-104,0.352065405369429,0.237,0.088,7.08186581802491e-100
"UQCRQ",2.02434251931357e-104,0.468811769840693,0.728,0.467,7.5888552364027e-100
"UIMC1",2.29438536672454e-104,0.294092121681566,0.223,0.077,8.60119186277697e-100
"DDX1",2.8296044186178e-104,0.313233328001862,0.28,0.111,1.06076210445144e-99
"GARS",3.44927741665909e-104,0.388785424508863,0.27,0.108,1.29306511795716e-99
"NDUFB5",3.61584435006455e-104,0.429890006579758,0.525,0.284,1.3555077299522e-99
"SCP2",3.7562050396023e-104,0.430207520275271,0.541,0.295,1.40812614524611e-99
"EIF3K",4.71489660660853e-104,0.426547740278033,0.878,0.693,1.76752043988541e-99
"PAPSS1",8.81609981611072e-104,0.346373139821549,0.25,0.096,3.30497949906359e-99
"COPS8",1.07621500513594e-103,0.365364827782593,0.289,0.118,4.03451481125361e-99
"PDCD2",1.52944480033308e-103,0.366522205261687,0.414,0.197,5.73358266748864e-99
"PSMA1",1.5870606113089e-103,0.446122927432207,0.547,0.305,5.94957281967481e-99
"UBR5",1.8936685208962e-103,0.297539839309368,0.202,0.067,7.09898455113569e-99
"FOXN3",2.74079839659137e-103,0.371000553476963,0.362,0.16,1.02747050291417e-98
"SKP1",3.45311588164075e-103,0.46251112268958,0.856,0.634,1.29450408170949e-98
"RABAC1",4.50331249353153e-103,0.478043644830249,0.656,0.389,1.6882017875751e-98
"BIRC3",5.45650440724497e-103,0.491581844757644,0.604,0.335,2.045534372188e-98
"PCBP2",6.24700886341648e-103,0.444903927630339,0.881,0.667,2.34187868271757e-98
"ENY2",2.18936337265217e-102,0.42765890963862,0.543,0.304,8.20748541139845e-98
"SRP19",8.77300186455318e-102,0.406724135991694,0.395,0.192,3.2888229389837e-97
"BID",1.04799880897515e-101,0.371989022800205,0.289,0.122,3.92873793508603e-97
"PTMA",1.73545112083168e-101,0.425999317316909,0.997,0.991,6.50585916177381e-97
"PMVK",3.46358857946752e-101,0.379575981208396,0.367,0.174,1.29843008667079e-96
"SNRPA",5.39387334327007e-101,0.352322102899626,0.4,0.187,2.02205523892508e-96
"UBE2E2",1.12042548910193e-100,0.310985861655722,0.27,0.104,4.20025107354532e-96
"TXNL4A",1.21210128463824e-100,0.394111297374602,0.385,0.185,4.54392529585184e-96
"UBE2I",1.496389547417e-100,0.425734822725629,0.698,0.429,5.60966513535684e-96
"RSU1",3.04908625903509e-100,0.349919835819152,0.301,0.127,1.14304145678707e-95
"TRMT1",3.52941180442356e-100,0.355369181683236,0.357,0.159,1.32310589724231e-95
"ZNHIT3",3.55520172371596e-100,0.342320639171424,0.375,0.172,1.33277402218664e-95
"MRPL20",5.31980294977584e-100,0.459606703323278,0.539,0.306,1.99428772981197e-95
"MTDH",7.56993842039217e-100,0.44891074550481,0.721,0.456,2.83781851503662e-95
"EIF3D",8.32585435064272e-100,0.443374190537614,0.746,0.487,3.12119627896894e-95
"ASAP1",2.32751190441253e-99,0.253220827672155,0.19,0.061,8.7253766272617e-95
"FAM118A",2.5477249379336e-99,0.341777840594606,0.236,0.087,9.55091124732547e-95
"RP11-164H13.1",2.60735848475188e-99,0.303499358883703,0.14,0.037,9.77446548763784e-95
"LLPH",2.98123886274026e-99,0.32918161982881,0.293,0.121,1.11760682486407e-94
"MAPRE1",3.28744952928376e-99,0.348266504397625,0.364,0.167,1.23239907953789e-94
"PFDN6",3.57381415525036e-99,0.345958157053387,0.345,0.155,1.33975145052026e-94
"CXCR5",3.68384484966217e-99,0.346590359334033,0.303,0.123,1.38099975724135e-94
"MRPL53",3.81508524989285e-99,0.333506229559721,0.268,0.107,1.43019915847983e-94
"WDR41",3.99879476223194e-99,0.266377980287799,0.173,0.054,1.49906818046551e-94
"CD86",5.16226379652517e-99,0.32777374379314,0.306,0.125,1.93522945204136e-94
"TMEM14A",9.95143860289732e-99,0.357229212687242,0.293,0.123,3.73059530345415e-94
"ZFAS1",1.27449058849109e-98,0.446386036932532,0.895,0.682,4.77781031813539e-94
"EIF4E",1.9724074450838e-98,0.371138517638402,0.408,0.199,7.39416103013015e-94
"GNAI2",2.28099946696154e-98,0.377211337022401,0.509,0.264,8.55101080174542e-94
"SNX17",2.95848270403497e-98,0.42324077840921,0.509,0.276,1.10907599608863e-93
"PIM1",5.03668033700638e-98,0.500456782480926,0.262,0.11,1.88815072473695e-93
"TALDO1",5.43511097562021e-98,0.435734936889818,0.534,0.3,2.0375144025405e-93
"PDAP1",7.90352646698037e-98,0.40621252634809,0.48,0.255,2.9628740019416e-93
"NAP1L4",7.98534589299809e-98,0.367257391506807,0.378,0.179,2.99354646836712e-93
"COPS6",8.25837670252158e-98,0.398556734515864,0.487,0.26,3.09590025824129e-93
"SEPT1",1.29355060771241e-97,0.382829944712557,0.587,0.327,4.84926251819227e-93
"UTP6",1.3345386027832e-97,0.260220458509695,0.248,0.092,5.00291831411366e-93
"TP53",1.35677820669503e-97,0.267500880913524,0.22,0.077,5.08629014125832e-93
"BAG6",1.63163987206713e-97,0.341139223308337,0.315,0.135,6.11669155240527e-93
"RPIA",1.75677245471119e-97,0.381991619164083,0.334,0.146,6.5857885782213e-93
"C7orf55",2.90743856844566e-97,0.272979724145863,0.217,0.077,1.08994057053891e-92
"SMARCE1",3.85748688785536e-97,0.307112828916814,0.368,0.166,1.44609468451922e-92
"REPIN1",4.1547178766753e-97,0.326663484601401,0.292,0.121,1.55752063760803e-92
"MZT1",4.84499311956921e-97,0.352989476617919,0.321,0.14,1.8162910206641e-92
"UQCRC2",5.20088927831981e-97,0.377841045027926,0.512,0.273,1.94970937265653e-92
"CCNG1",5.73040603972379e-97,0.377713161820672,0.412,0.2,2.14821461617165e-92
"STRBP",5.83970325214496e-97,0.323580436232377,0.419,0.194,2.1891879551641e-92
"UGCG",6.45170937464197e-97,0.309237445674089,0.253,0.096,2.41861681036578e-92
"YARS",7.47121856302455e-97,0.312352453460581,0.211,0.076,2.80081041490664e-92
"STARD7",8.50053650891062e-97,0.369417671249759,0.354,0.165,3.18668112646041e-92
"NDUFAF3",1.30882217268817e-96,0.459199226300796,0.519,0.296,4.9065125609734e-92
"FUCA1",1.4216810063518e-96,0.271229679726868,0.14,0.039,5.32959775661161e-92
"TARDBP",1.80387396611419e-96,0.269811752017692,0.271,0.107,6.76236272416888e-92
"APLP2",3.46247611109764e-96,0.374332284322467,0.297,0.125,1.29801304452828e-91
"DCTN3",3.76895952709623e-96,0.425156653355339,0.424,0.222,1.41290754751784e-91
"RPS19BP1",3.87102676643991e-96,0.419496961650946,0.563,0.325,1.45117051420299e-91
"AMZ2",6.03981773897729e-96,0.356544265405466,0.307,0.135,2.26420687398781e-91
"SYNC",6.14762568965569e-96,0.275992122175294,0.16,0.048,2.30462191853812e-91
"RBMX",7.7834146730294e-96,0.390539233417571,0.68,0.408,2.91784649262526e-91
"ACTL6A",8.13466292374446e-96,0.251848923093036,0.204,0.071,3.04952243685332e-91
"TIMM17A",8.49635274640128e-96,0.385039367132006,0.321,0.147,3.18511271757091e-91
"ADRM1",9.26771422222099e-96,0.389306312160474,0.485,0.26,3.4742807076262e-91
"UBE2D2",1.87738085995857e-95,0.43309589263071,0.78,0.534,7.0379253678127e-91
"PAX5",2.0636327645157e-95,0.26449954709467,0.326,0.134,7.73614650761646e-91
"CCDC115",2.31652996855581e-95,0.341607830516326,0.367,0.166,8.68420754612203e-91
"HIBCH",2.45785179459407e-95,0.289705769158776,0.238,0.09,9.21399480757425e-91
"TTC1",2.54972666607904e-95,0.333487472131569,0.363,0.169,9.55841532579709e-91
"NECAP2",2.60623588375064e-95,0.34593445364667,0.38,0.178,9.7702570810044e-91
"IDH3G",3.36976022373057e-95,0.336172378621336,0.379,0.182,1.26325571267212e-90
"HNRNPAB",3.64592090156641e-95,0.339061783198133,0.269,0.11,1.36678282757922e-90
"SF3B1",6.06930841859834e-95,0.378256067650249,0.573,0.319,2.27526233996415e-90
"GNA13",7.87501376739614e-95,0.25632560516199,0.197,0.067,2.95218516112146e-90
"PFKFB3",1.34740653884509e-94,0.283812701891448,0.144,0.041,5.05115763282248e-90
"PLEKHJ1",1.52745585703228e-94,0.37565156545395,0.491,0.259,5.72612651684262e-90
"PACS1",1.78882700239847e-94,0.265330645140544,0.21,0.073,6.70595466659139e-90
"STOML2",2.13172265826555e-94,0.396634903615167,0.424,0.22,7.99140190130589e-90
"SETDB2",2.39326464886341e-94,0.267883834003329,0.179,0.058,8.97187051565915e-90
"NFATC1",3.21157975552303e-94,0.272722485304176,0.274,0.107,1.20395701875047e-89
"HDDC2",4.10689431050137e-94,0.376167795913882,0.371,0.179,1.53959253912075e-89
"MVD",4.13882628697222e-94,0.279954624952139,0.202,0.071,1.55156319846014e-89
"DCUN1D1",4.43357347582624e-94,0.269928496523027,0.171,0.054,1.66205802461774e-89
"ADGRG5",5.08629062089448e-94,0.345072294492092,0.18,0.06,1.90674862796092e-89
"ARHGEF1",9.37569156616184e-94,0.362965012243507,0.537,0.282,3.51475925432275e-89
"PPP6R1",1.11982987018501e-93,0.296037759361261,0.266,0.106,4.19801821734955e-89
"SDHD",1.39241514093989e-93,0.355659705822588,0.392,0.191,5.21988588035548e-89
"PPP6C",1.57662755987408e-93,0.348326483561582,0.345,0.159,5.91046139645594e-89
"SHOC2",1.82201226161249e-93,0.336819138038891,0.373,0.172,6.8303595663329e-89
"THOC6",1.91961931277887e-93,0.268688774820144,0.235,0.088,7.19626887974543e-89
"PPP1R18",2.8078866729027e-93,0.394015458816736,0.56,0.311,1.05262055593776e-88
"DCP2",3.53019387007447e-93,0.280168367660545,0.255,0.099,1.32339907801352e-88
"COPS3",3.64297784618511e-93,0.315738178532952,0.294,0.126,1.36567953497787e-88
"FXR1",4.90084589395763e-93,0.314112077962155,0.356,0.163,1.83722910872684e-88
"BAZ2B",8.01007265625537e-93,0.268903785275783,0.185,0.062,3.00281603737701e-88
"KIAA1033",8.68559608159907e-93,0.280591840374122,0.237,0.088,3.25605625906986e-88
"RGS2",8.83079992939238e-93,0.611721924839585,0.468,0.252,3.31049027753062e-88
"UFD1L",9.00757371835996e-93,0.290140214112469,0.238,0.092,3.37675923553878e-88
"FARSA",9.371759182946e-93,0.314195214539966,0.257,0.104,3.5132850825028e-88
"DCAF13",9.89567344253812e-93,0.274866211206129,0.262,0.104,3.70969006013869e-88
"CAT",9.90136474826355e-93,0.313614912415784,0.37,0.169,3.71182361682904e-88
"FNTA",1.39528171359579e-92,0.291881518664582,0.344,0.154,5.2306320879279e-88
"ENOPH1",1.87097711199808e-92,0.272696833199111,0.256,0.102,7.01391899745841e-88
"CR2",2.23983648387796e-92,0.28714934531769,0.27,0.105,8.3966990107617e-88
"SNAPIN",3.37749089332834e-92,0.287417422750279,0.278,0.115,1.26615378609093e-87
"FAM45A",5.5572821705715e-92,0.311461202278142,0.185,0.064,2.08331394010385e-87
"GADD45B",7.05381681081348e-92,0.367890298681351,0.484,0.259,2.64433484603776e-87
"VCP",8.8578944534102e-92,0.3989573681517,0.53,0.299,3.32064747269441e-87
"AP2S1",1.11478937853105e-91,0.39748946965012,0.507,0.28,4.17912242223721e-87
"ZNF428",1.33244297100152e-91,0.360789646207003,0.366,0.176,4.9950622096905e-87
"DCTN2",1.358885622189e-91,0.360079269720645,0.372,0.181,5.09419042046212e-87
"CDC123",1.68370285082096e-91,0.325215153056417,0.361,0.168,6.31186524715763e-87
"WAPL",1.73705931314022e-91,0.304487681194357,0.275,0.113,6.51188795310005e-87
"CISD1",4.03080438310273e-91,0.301120472042111,0.227,0.086,1.51106794713755e-86
"SH3TC1",4.14153932523116e-91,0.290015024295093,0.141,0.041,1.55258026224266e-86
"REL",5.14992324850599e-91,0.401577613050274,0.644,0.361,1.93060322739992e-86
"TOB2",5.66735795862651e-91,0.267533284331301,0.219,0.08,2.12457915152991e-86
"FIP1L1",8.42968578179051e-91,0.298466073141022,0.269,0.11,3.16012060587763e-86
"RAB14",1.11434334173019e-90,0.306085058122087,0.342,0.155,4.17745031947813e-86
"SRSF2",1.67503485719408e-90,0.469607487866235,0.72,0.485,6.27937067264917e-86
"YY1",5.04483564234514e-90,0.332601994659064,0.357,0.169,1.89120798560235e-85
"DAPP1",5.83357563475063e-90,0.341510058239162,0.369,0.173,2.18689083395531e-85
"STK17B",6.54755069519804e-90,0.419169746290707,0.745,0.481,2.45454580461584e-85
"CAMTA1",6.67417210800803e-90,0.348612567415072,0.383,0.191,2.50201363985005e-85
"SF3B5",6.81458436447511e-90,0.428303202898817,0.645,0.406,2.55465138655443e-85
"NIFK",8.29308372244784e-90,0.312317952336548,0.32,0.142,3.10891122587124e-85
"MICU2",9.78556173755504e-90,0.336726672231187,0.312,0.138,3.66841138417463e-85
"WDR77",1.99574110859325e-89,0.301465629192613,0.243,0.095,7.48163426789438e-85
"KIAA0226L",2.47745517920305e-89,0.363609767966589,0.225,0.084,9.28748397579641e-85
"CYBA",3.19859974674599e-89,0.3982160345017,0.978,0.915,1.19909107306014e-84
"TRA2A",4.94037779791154e-89,0.404458884278036,0.465,0.243,1.85204882888108e-84
"MORF4L1",5.39968166862024e-89,0.413379819687558,0.759,0.516,2.02423266393236e-84
"CHD4",5.9460393306352e-89,0.30393484463302,0.3,0.13,2.22905122426852e-84
"SNHG7",6.42261041058459e-89,0.345301849386485,0.627,0.362,2.40770819071995e-84
"ARPC1A",7.00063160326154e-89,0.300087439816827,0.273,0.115,2.62439677543069e-84
"RPL15",7.78516452015947e-89,0.285460784958845,0.996,0.987,2.91850247531738e-84
"NAA10",8.30077151139282e-89,0.330131701756582,0.376,0.185,3.11179322419094e-84
"CBX5",8.40684298425149e-89,0.307668590726896,0.263,0.108,3.1515572979362e-84
"FADS3",1.58419742980081e-88,0.256727019528632,0.289,0.118,5.93883932483727e-84
"PPP1R12A",1.62591370387743e-88,0.309447708399186,0.383,0.182,6.09522529309571e-84
"BLCAP",5.7332455077718e-88,0.331887052557693,0.32,0.142,2.14927907595349e-83
"TMX1",6.15998776528311e-88,0.368161887843827,0.341,0.161,2.30925621344933e-83
"HSPD1",6.21915576650246e-88,0.410239517453937,0.508,0.287,2.33143711374644e-83
"LDHA",8.73650901603335e-88,0.615410336518771,0.621,0.407,3.27514249993058e-83
"MIEN1",1.11169689690549e-87,0.350855223448264,0.432,0.224,4.16752932711929e-83
"PSMA3",2.09956185631834e-87,0.332500089488825,0.419,0.217,7.87083748696618e-83
"RPS26",2.59054587487011e-87,0.33631882577092,0.985,0.891,9.71143837571307e-83
"MRPS35",2.62574609643308e-87,0.295226547380916,0.285,0.122,9.84339696630834e-83
"SNX22",2.70807407247298e-87,0.289521818537634,0.28,0.115,1.01520280828867e-82
"SEPT6",2.74459175200975e-87,0.398931552206512,0.694,0.435,1.02889255599341e-82
"SSRP1",3.79506331794815e-87,0.303206251346723,0.324,0.146,1.4226933366324e-82
"CMB9-22P13.1",4.41754319417223e-87,0.259322795532326,0.145,0.044,1.65604859263129e-82
"ANAPC11",4.50883282790663e-87,0.416596695412074,0.559,0.336,1.69027125052564e-82
"CHCHD3",6.10693359178384e-87,0.267591992861531,0.269,0.112,2.28936726488793e-82
"YWHAH",1.00486523252341e-86,0.336727477232732,0.341,0.16,3.76703878368378e-82
"PRDX5",1.25401859909432e-86,0.41828889875035,0.7,0.459,4.70106492428478e-82
"COX5B",1.25753103005936e-86,0.395948724832875,0.822,0.613,4.71423232548651e-82
"EIF2A",1.41301137247179e-86,0.362906715674161,0.452,0.243,5.29709703312224e-82
"SYNE1",1.76127161489397e-86,0.260400712933039,0.241,0.095,6.60265502991451e-82
"RALA",1.96261708975134e-86,0.309458415580049,0.252,0.105,7.35745894605982e-82
"PSMD9",2.32938882352789e-86,0.356193128781841,0.293,0.132,8.73241282164136e-82
"TRABD",2.46351467024051e-86,0.368876086181104,0.503,0.282,9.23522379579763e-82
"PFDN1",2.48896831151745e-86,0.325092634464272,0.364,0.174,9.3306444062166e-82
"NDUFS2",3.34337492304859e-86,0.327391834233904,0.317,0.146,1.25336439115246e-81
"PCMT1",3.426486969958e-86,0.333703613321083,0.393,0.199,1.28452143529786e-81
"BAX",4.48937647251906e-86,0.355826078950892,0.528,0.293,1.68297745201794e-81
"ST13",4.88306616857787e-86,0.389678084812662,0.725,0.473,1.83056384527647e-81
"RAD21",5.84454024772583e-86,0.332596721795078,0.385,0.189,2.19100124806746e-81
"MRPS34",1.17165560249674e-85,0.38733440154625,0.479,0.269,4.39230252263979e-81
"HNRNPH1",1.27609118439915e-85,0.512398258597791,0.564,0.333,4.78381063207552e-81
"PPP1CB",1.57273832087302e-85,0.354335959218055,0.417,0.213,5.89588141728879e-81
"HSP90AB1",1.75972113134436e-85,0.451606821254459,0.868,0.695,6.59684257718373e-81
"TMC6",1.95152150600177e-85,0.350783192031598,0.451,0.232,7.31586382169942e-81
"PSMC6",2.16914461347947e-85,0.299367681778067,0.375,0.183,8.13168932701184e-81
"SSBP1",2.54728786756703e-85,0.40264375850526,0.595,0.36,9.54927275793529e-81
"CCT7",3.68923898297162e-85,0.377520441402947,0.482,0.267,1.3830219099364e-80
"TRAF7",5.25738372210014e-85,0.259523010817621,0.195,0.071,1.9708880097409e-80
"CPNE1",5.87720008753327e-85,0.350452674889742,0.39,0.195,2.20324476881447e-80
"TXNL1",6.62615262350259e-85,0.348422795870345,0.451,0.242,2.48401209549865e-80
"GNAI3",7.66829013879185e-85,0.329158389883243,0.347,0.166,2.87468860723029e-80
"USF2",1.01998184579669e-84,0.350440826637475,0.407,0.204,3.82370794352263e-80
"RSL24D1",1.55990307537975e-84,0.397497335445635,0.715,0.467,5.8477646489836e-80
"MLF2",2.45619988092135e-84,0.370105138501159,0.452,0.246,9.20780211359794e-80
"RNF181",2.944420011443e-84,0.387479587171894,0.504,0.289,1.10380417388975e-79
"MPZL1",3.13505929542846e-84,0.279633933142777,0.191,0.07,1.17527102867022e-79
"CHCHD10",3.15984377960191e-84,0.505490324511251,0.7,0.494,1.18456223609716e-79
"OSTC",4.73206462813498e-84,0.357687370108356,0.541,0.311,1.77395638779524e-79
"RAD50",6.60498005177785e-84,0.252990764307344,0.218,0.083,2.47607492181048e-79
"YWHAQ",1.16405769904597e-83,0.385853463196353,0.566,0.335,4.36381950218352e-79
"SCAND1",1.19915639398602e-83,0.414839694811249,0.616,0.384,4.49539748977479e-79
"HERC4",1.40958048173919e-83,0.281188444200747,0.228,0.088,5.28423530994389e-79
"ATP5EP2",1.55006044709945e-83,0.288145711030268,0.268,0.113,5.81086660408642e-79
"ATF4",1.6790862979624e-83,0.420416311494939,0.58,0.355,6.29455871380146e-79
"MRPL14",1.86293378073893e-83,0.333503065898905,0.369,0.186,6.98376615723411e-79
"LSM4",1.98842548910883e-83,0.326312178303463,0.453,0.241,7.45420947357119e-79
"LSM3",2.559769074414e-83,0.420236300114886,0.557,0.338,9.5960623061632e-79
"FDFT1",2.60910424426188e-83,0.351923147965012,0.404,0.205,9.78100999088894e-79
"TIMMDC1",2.76995225357253e-83,0.278970985714542,0.262,0.111,1.03839970081927e-78
"VDAC2",3.10551052071659e-83,0.372140535807591,0.568,0.339,1.16419378400624e-78
"TIAL1",3.13869032812651e-83,0.320264698817825,0.386,0.192,1.17663223020807e-78
"PRELID3B",3.4554460412004e-83,0.283319570798368,0.309,0.141,1.2953776119252e-78
"DCTPP1",4.24584750826388e-83,0.305961943692592,0.307,0.139,1.59168331389796e-78
"PDHA1",4.40541815529704e-83,0.260203235463169,0.234,0.095,1.65150315805775e-78
"IDH3B",4.46448537839341e-83,0.306139958350498,0.369,0.179,1.67364627865212e-78
"SERPINB1",4.81724642278159e-83,0.314056548000685,0.487,0.263,1.80588933897236e-78
"COPZ1",5.02759063085824e-83,0.356178046042832,0.462,0.255,1.88474317569614e-78
"E2F4",5.81707749655276e-83,0.278165316156765,0.264,0.112,2.1807060119077e-78
"MEF2C",7.39128086429632e-83,0.33277865949288,0.856,0.608,2.77084337040741e-78
"MPDU1",1.04443152365339e-82,0.319860644135205,0.246,0.103,3.91536489587184e-78
"HSPA5",1.5484483819102e-82,0.5203476121082,0.52,0.307,5.80482329410495e-78
"NGLY1",1.66325151545235e-82,0.307408319062009,0.367,0.182,6.23519728112779e-78
"TMEM183A",2.42080524545873e-82,0.293709415301888,0.286,0.128,9.0751147041757e-78
"SSB",2.54451191006436e-82,0.375451207802308,0.486,0.267,9.53886624844928e-78
"GNB1",3.01896112637258e-82,0.270522824611178,0.292,0.13,1.13174814705455e-77
"DRG1",3.60760213461358e-82,0.275821600493926,0.258,0.11,1.35241788822394e-77
"KRAS",3.91605776090321e-82,0.292200181619558,0.292,0.13,1.4680517334074e-77
"GHITM",4.07213737989213e-82,0.373933732916654,0.598,0.366,1.52656286097396e-77
"WDR83OS",4.6839764365177e-82,0.377437113415231,0.676,0.435,1.75592908652176e-77
"UBTF",5.54202036335983e-82,0.273084983464269,0.289,0.126,2.07759259381633e-77
"TBC1D22A",6.90275424271387e-82,0.268332775941344,0.3,0.132,2.58770451050857e-77
"EMC6",7.48940840792929e-82,0.342299697620342,0.379,0.197,2.80762942396453e-77
"IMMT",1.49343555851933e-81,0.263807748441297,0.246,0.102,5.59859122177725e-77
"CREB1",1.54574108125658e-81,0.274263905721454,0.281,0.122,5.79467416541466e-77
"SEPT9",2.01844410906959e-81,0.355878414772812,0.683,0.418,7.56674327608006e-77
"ATP6V1H",2.2388772217779e-81,0.275750626360259,0.268,0.113,8.39310292900099e-77
"ACP1",2.25956707165263e-81,0.351273977053598,0.512,0.293,8.47066503821139e-77
"TRMT112",2.43973110750667e-81,0.381016131525709,0.79,0.578,9.14606397582101e-77
"UCHL3",3.91798289582573e-81,0.287163291244901,0.217,0.087,1.46877342798715e-76
"FAM200B",8.15805842141311e-81,0.290166406623531,0.209,0.08,3.05829294101935e-76
"SNX1",1.08406696347518e-80,0.267566457227793,0.248,0.103,4.06395023267575e-76
"ATAD1",2.12273965517023e-80,0.256236074051685,0.223,0.088,7.95772641930214e-76
"POLR2K",2.30614542420725e-80,0.376876059270443,0.486,0.279,8.64527796626813e-76
"TUBB",2.71072481971298e-80,0.544268393436419,0.66,0.431,1.016196520414e-75
"LINC01184",3.16110329748102e-80,0.259877040817913,0.226,0.091,1.18503440415969e-75
"MAP2K2",3.32937630349496e-80,0.280856181246987,0.309,0.143,1.24811658865419e-75
"MAP2K3",3.34567209322803e-80,0.327242128323239,0.316,0.149,1.25422555430932e-75
"SH3BGRL",3.39085584962501e-80,0.407486552238253,0.732,0.5,1.27116404090742e-75
"TRAPPC2L",3.75087623833793e-80,0.338682469545181,0.38,0.198,1.40612848422812e-75
"GNAS",5.041503013009e-80,0.372510332268065,0.643,0.408,1.88995864951681e-75
"MCRS1",6.23117363855944e-80,0.250347202340067,0.225,0.09,2.33594237362316e-75
"KMT2A",1.19379074120188e-79,0.334013180689365,0.287,0.129,4.4752827306176e-75
"OCEL1",1.20986151980174e-79,0.256608784630366,0.2,0.077,4.53552886543275e-75
"PFDN2",1.29138242620361e-79,0.320458333791906,0.45,0.244,4.84113443935207e-75
"DKC1",1.68776192905297e-79,0.269623325079289,0.252,0.106,6.32708191963378e-75
"MYL12B",1.68841534886393e-79,0.363721770916511,0.838,0.616,6.32953145982111e-75
"HNRNPH3",2.02939486817477e-79,0.338503134032817,0.455,0.243,7.60779548181357e-75
"NUDCD2",4.31286721341555e-79,0.297942405014472,0.32,0.152,1.61680766096522e-74
"SDHB",4.80404695546774e-79,0.29836693019608,0.367,0.185,1.80094112266575e-74
"EIF4A3",8.20368199356804e-79,0.319289353443069,0.312,0.148,3.07539630574879e-74
"MRPS31",1.01492764580633e-78,0.362455482824741,0.285,0.135,3.80476075859877e-74
"TCP1",1.0420972865882e-78,0.325887760048458,0.408,0.215,3.90661430796185e-74
"CD74",1.41726772112537e-78,0.412378166891578,1,0.993,5.31305323295478e-74
"ZCCHC11",2.87059690994452e-78,0.278470860692777,0.266,0.114,1.0761293696e-73
"EMC8",5.14830089471829e-78,0.25941365221138,0.187,0.07,1.92999503941199e-73
"PSMC4",5.25005566294519e-78,0.288898158575194,0.353,0.176,1.96814086692489e-73
"MRPL16",5.26759162548378e-78,0.30367495708829,0.306,0.144,1.97471474856136e-73
"ITPA",7.16651322285075e-78,0.307002363952213,0.306,0.143,2.68658247698229e-73
"SAE1",7.88842298105049e-78,0.255645504748535,0.214,0.085,2.95721200713621e-73
"ADH5",9.75094720832133e-78,0.274288289030918,0.323,0.153,3.6554350894555e-73
"SNRPA1",1.08584584976726e-77,0.322033503039237,0.374,0.19,4.07061892160751e-73
"DENND6B",1.59349030813938e-77,0.293483459922793,0.195,0.077,5.97367646715289e-73
"GTF3C6",1.81925042512407e-77,0.337935209257222,0.392,0.208,6.8200059937051e-73
"DDX27",2.09017952657969e-77,0.272141081034492,0.357,0.173,7.83566500924195e-73
"TRA2B",2.32636118391926e-77,0.344215338302559,0.676,0.429,8.72106280627652e-73
"APIP",2.85511923886471e-77,0.266337957567466,0.21,0.083,1.0703271002656e-72
"AK2",4.09836492891273e-77,0.303923536355492,0.324,0.157,1.53639504455081e-72
"PRPF19",4.57200712743507e-77,0.251462119163532,0.252,0.108,1.71395403193286e-72
"GTPBP4",4.70273825559285e-77,0.261036260326284,0.237,0.098,1.76296251725665e-72
"WTAP",4.88842412008798e-77,0.32126619044946,0.455,0.247,1.83257243413858e-72
"CYB5B",5.57981465988489e-77,0.259242711453706,0.309,0.142,2.09176091969765e-72
"SAP30BP",7.16431214711786e-77,0.312627943056605,0.329,0.16,2.68575733771154e-72
"NDUFA10",2.00167706314502e-76,0.307714281621624,0.381,0.196,7.50388697431806e-72
"CD37",2.95832566206403e-76,0.381249468940183,0.983,0.88,1.10901712419456e-71
"IFI30",4.60219323097646e-76,0.276945991259851,0.249,0.107,1.72527019842845e-71
"MRFAP1",1.0937866509894e-75,0.293666083076501,0.405,0.213,4.10038739722908e-71
"NUDT1",1.22952075850738e-75,0.269219272762114,0.269,0.119,4.60922741949247e-71
"NCKAP1L",1.28834009535421e-75,0.269508579976169,0.388,0.195,4.82972934946387e-71
"COPB2",1.3448900271728e-75,0.301038964320761,0.24,0.105,5.04172373386538e-71
"CHCHD5",1.54312735750063e-75,0.284984512517473,0.308,0.148,5.78487583779836e-71
"NSD1",1.67239389835321e-75,0.277561265068394,0.334,0.16,6.26947024614652e-71
"TIMM10",1.83081781776291e-75,0.301397131645501,0.373,0.192,6.86336983522961e-71
"CDC42",1.91660032045986e-75,0.38880935434063,0.768,0.529,7.18495128133991e-71
"POLR3K",3.04970131380247e-75,0.255907213788492,0.274,0.122,1.14327202851827e-70
"COA1",4.5577773632341e-75,0.314892111764447,0.375,0.193,1.7086195779292e-70
"UBE2K",4.59857423780272e-75,0.287778467772258,0.297,0.14,1.72391351026749e-70
"COX7A2",5.20577195675499e-75,0.374307824998877,0.848,0.661,1.95153979114831e-70
"CCNG2",6.48961850523772e-75,0.27214361979397,0.252,0.107,2.43282818524352e-70
"ZC3H15",6.85331253029598e-75,0.340267182267783,0.459,0.258,2.56916980135736e-70
"KARS",8.69005614358762e-75,0.263911532171314,0.4,0.208,3.25772824710813e-70
"SNRPD2",1.03764727429318e-74,0.350974262072523,0.881,0.722,3.88993210187026e-70
"UBXN1",1.10403361579168e-74,0.363926079134163,0.773,0.529,4.13880121887985e-70
"POLDIP2",1.6919611581825e-74,0.273073774160421,0.264,0.119,6.34282398979455e-70
"AKR7A2",1.79681609511286e-74,0.298143071199699,0.3,0.142,6.73590417735908e-70
"PCNP",2.29345684078829e-74,0.310863575026122,0.532,0.307,8.59771100474715e-70
"PNKD",2.62785416113959e-74,0.318812327902711,0.392,0.207,9.8512996792801e-70
"FAM192A",3.33125326240033e-74,0.274796991641646,0.284,0.13,1.24882022300864e-69
"GMPR2",4.69258669618971e-74,0.264877620638477,0.258,0.114,1.7591569006676e-69
"ASNA1",4.93029825721905e-74,0.29008226526858,0.335,0.168,1.84827021066628e-69
"CALM2",5.72699086835498e-74,0.320129613330393,0.883,0.694,2.14693433672892e-69
"PSMD11",7.99265669194302e-74,0.278912619771855,0.284,0.133,2.9962871406756e-69
"NDUFA9",1.02490690271054e-73,0.280381602195986,0.309,0.149,3.84217099688127e-69
"SS18L2",1.15127880965558e-73,0.332515170409369,0.453,0.252,4.31591400163685e-69
"HSPH1",2.29766165011533e-73,0.285183587297725,0.274,0.124,8.61347399395236e-69
"VPS28",3.27087629563302e-73,0.357295153119094,0.605,0.379,1.22618610570691e-68
"MCM3",6.29545471857332e-73,0.276608042841382,0.21,0.084,2.36004006489876e-68
"PSMC3",7.40165474356435e-73,0.324923773400984,0.368,0.195,2.7747323302674e-68
"PHGDH",7.44266303972141e-73,0.315363297564801,0.125,0.04,2.79010552033076e-68
"NCL",7.9748276700574e-73,0.408026150711789,0.673,0.451,2.98960339695112e-68
"PSMD12",8.46633052685716e-73,0.275745491222868,0.245,0.108,3.17385798790821e-68
"ZNHIT1",1.3986228918981e-72,0.35080269814374,0.477,0.282,5.24315749714759e-68
"DDT",1.48282263941308e-72,0.353906377380956,0.587,0.367,5.55880551063175e-68
"UQCR11",1.94990066440498e-72,0.361617851378077,0.838,0.645,7.30978761072139e-68
"PNOC",2.00613581829114e-72,0.349081498508373,0.392,0.214,7.52060195560981e-68
"MRPL22",2.52704938027802e-72,0.281277981038021,0.31,0.152,9.47340271678624e-68
"HIF1A",2.81983101036223e-72,0.275840119191374,0.411,0.214,1.05709824916459e-67
"ANP32A",3.2182576821658e-72,0.311759638753766,0.443,0.242,1.20646043989031e-67
"MRPL21",3.92174793017895e-72,0.26616173701273,0.305,0.148,1.47018486406549e-67
"PRELID1",4.61645028126672e-72,0.367171057818269,0.702,0.484,1.73061488144127e-67
"WRB",5.14608349378437e-72,0.253821597253734,0.16,0.058,1.92916378014988e-67
"XRCC5",6.11141067329743e-72,0.33493445531923,0.529,0.313,2.29104563320574e-67
"TOR3A",6.73509971249419e-72,0.376846996996967,0.39,0.216,2.52485418021982e-67
"HADHA",9.76270923222283e-72,0.292050485333148,0.498,0.28,3.65984443697569e-67
"LUC7L3",1.31773566129853e-71,0.335668364432214,0.542,0.323,4.93992744707592e-67
"PEF1",1.55954229423299e-71,0.250312507221374,0.272,0.124,5.84641215262064e-67
"PDCD6",2.48841958194876e-71,0.32111885635491,0.534,0.315,9.32858732880952e-67
"ATP6V1F",2.87754620307097e-71,0.359655327002353,0.628,0.405,1.07873452060725e-66
"STXBP2",2.98227505243971e-71,0.267362656530244,0.303,0.146,1.1179952716586e-66
"HAT1",3.45335018047165e-71,0.255673053316973,0.253,0.113,1.29459191565521e-66
"MRPL36",3.63342073740967e-71,0.294581616594391,0.283,0.136,1.36209676604014e-66
"MRPS10",3.91286819994341e-71,0.252415299848701,0.26,0.116,1.46685603079479e-66
"APOPT1",7.82479190032665e-71,0.252546535783952,0.24,0.106,2.93335798759445e-66
"ABCF1",9.30967548253301e-71,0.286264783505107,0.269,0.124,3.49001114489198e-66
"AKIRIN2",1.62628885617209e-70,0.28128403624165,0.369,0.19,6.09663166401793e-66
"DCUN1D5",2.64331376010541e-70,0.267273432103537,0.229,0.1,9.90925462388318e-66
"TIPRL",8.11177264361791e-70,0.264344724684377,0.249,0.112,3.04094132863948e-65
"CHMP4B",8.25036081033728e-70,0.293013501047902,0.345,0.179,3.09289526057924e-65
"PSMG2",8.66724204572853e-70,0.291847461977434,0.399,0.214,3.24917569810271e-65
"RAB7A",9.54560454667914e-70,0.321381056900755,0.511,0.302,3.57845623245908e-65
"MRPS5",1.50350034862085e-69,0.275277936468163,0.272,0.127,5.63632210690984e-65
"DARS",1.66937247113535e-69,0.325606433116402,0.388,0.208,6.2581435197922e-65
"GID8",1.72505693263288e-69,0.268549281295961,0.31,0.151,6.46689342905413e-65
"FNIP1",3.73198990337312e-69,0.279976295217323,0.356,0.179,1.39904837497651e-64
"NOL7",5.62092601605096e-69,0.335263213471583,0.492,0.294,2.10717274489718e-64
"METTL7A",8.47910588511767e-69,0.278478721206654,0.261,0.12,3.17864721421291e-64
"RBM39",1.0210484283894e-68,0.35999937245541,0.789,0.569,3.82770634834619e-64
"NOP10",1.03030169252278e-68,0.358688493670562,0.637,0.42,3.8623949849294e-64
"PFKL",1.0388144291505e-68,0.264122067749574,0.308,0.15,3.8943075319994e-64
"ITGB2-AS1",1.09344433059746e-68,0.250277959317775,0.231,0.097,4.09910410654374e-64
"HARS",1.20243589503599e-68,0.252350878487769,0.241,0.107,4.50769168331092e-64
"NDUFB10",1.3596676501435e-68,0.334279574475139,0.602,0.383,5.09712208685794e-64
"ATP2A3",1.61000619762362e-68,0.352274971516109,0.34,0.174,6.03559123365144e-64
"ZFAND1",2.0199140017927e-68,0.257023790415537,0.299,0.145,7.57225360992046e-64
"PTBP1",4.67185605091074e-68,0.269403252905299,0.369,0.191,1.75138539636542e-63
"WDR61",7.21199734319408e-68,0.258713326490048,0.247,0.112,2.7036335640166e-63
"ZSCAN16-AS1",7.44217922621394e-68,0.250109798204641,0.245,0.11,2.78992414832308e-63
"MRPS11",8.25341696982737e-68,0.29872305050835,0.274,0.132,3.09404095364889e-63
"WHSC1L1",9.48672873114691e-68,0.254655176860238,0.354,0.18,3.55638486673235e-63
"TAF9",9.70381628496813e-68,0.297075438220542,0.352,0.186,3.63776664890885e-63
"COPS5",1.70395913016215e-67,0.254955164310953,0.307,0.151,6.38780198715185e-63
"EIF4B",1.94440011978212e-67,0.327075670334825,0.689,0.458,7.28916716903921e-63
"SUCLG1",2.00692570998987e-67,0.266265894734525,0.325,0.164,7.52356310161003e-63
"AP3S1",2.77219250191474e-67,0.355296351729513,0.43,0.249,1.0392395251178e-62
"TAF7",2.93399592067346e-67,0.300795555065412,0.636,0.397,1.09989639074207e-62
"PAFAH1B1",9.32272397667865e-67,0.254635869321522,0.312,0.155,3.49490276437729e-62
"STIM2",1.34263796150099e-66,0.264146661344691,0.235,0.104,5.03328119007489e-62
"EIF4G2",1.38173215963158e-66,0.357102942146512,0.685,0.463,5.17983752002688e-62
"DYNC1I2",1.40414907831738e-66,0.268087932887088,0.281,0.132,5.2638740647962e-62
"ATF5",1.51070950057908e-66,0.316953844997871,0.18,0.073,5.66334777577086e-62
"GSTK1",2.64249859027475e-66,0.323858391074394,0.696,0.473,9.90619871522197e-62
"SPCS2",2.89551744195035e-66,0.356256114072028,0.772,0.524,1.08547157863835e-61
"AAMP",4.19554638359123e-66,0.289600999696063,0.301,0.152,1.57282642828068e-61
"MRPS33",4.89897960702742e-66,0.32821027765896,0.345,0.186,1.83652947508244e-61
"SNRNP27",7.03770914437591e-66,0.259412883917326,0.303,0.15,2.63829640404364e-61
"FAM102A",7.07617097230779e-66,0.254478087563085,0.237,0.105,2.65271497409874e-61
"SAP18",8.53970755104411e-66,0.353609576944407,0.707,0.498,3.20136556673542e-61
"MRPS7",1.09078205748015e-65,0.272504818790473,0.376,0.204,4.08912377708159e-61
"CRIPT",1.27290250687471e-65,0.271279356880433,0.215,0.094,4.7718569177719e-61
"TUBA4A",2.3843889422691e-65,0.34596189050454,0.496,0.298,8.9385972667784e-61
"PRKAR1A",4.58537289184245e-65,0.31328487955848,0.432,0.244,1.7189645896939e-60
"ELF1",4.95131673547931e-65,0.307564476279458,0.529,0.315,1.85614961779648e-60
"TMEM165",7.08600185177006e-65,0.283881380710157,0.455,0.26,2.65640037419156e-60
"EID1",1.50301010920788e-64,0.304747710524792,0.649,0.424,5.63448429739849e-60
"TOR1AIP2",1.6985202660078e-64,0.250192725531214,0.187,0.076,6.36741277321005e-60
"SYNGR2",1.95552503398715e-64,0.347137732497854,0.751,0.54,7.33087224741104e-60
"AURKAIP1",2.78595458894305e-64,0.330559323924731,0.557,0.354,1.04439865630297e-59
"FDPS",3.37227146620892e-64,0.314818530072792,0.396,0.225,1.2641971272524e-59
"NCF4",5.91062154491241e-64,0.284346062927886,0.471,0.278,2.21577380475677e-59
"UBL7",1.07650866660352e-63,0.266354732862223,0.305,0.155,4.03561568936327e-59
"COX4I1",1.15460835841372e-63,0.27291843809072,0.956,0.895,4.32839581402137e-59
"COX14",1.22214304497577e-63,0.381118764407486,0.507,0.316,4.58156984700518e-59
"BAZ1A",1.41940362829586e-63,0.285427122844407,0.413,0.229,5.3210603217555e-59
"PTK2B",1.77729970140346e-63,0.275831379935568,0.362,0.192,6.66274112062128e-59
"MIS18BP1",2.97233980706098e-63,0.261940366756935,0.347,0.179,1.11427074687102e-58
"VAPA",3.04427509033069e-63,0.315496502973309,0.564,0.356,1.14123784586317e-58
"CCNC",4.59120871113519e-63,0.278927539529625,0.32,0.168,1.72115232163036e-58
"EIF1AY",1.63024052892822e-62,0.314384266917806,0.49,0.295,6.11144569484613e-58
"HSPE1",1.69009689122269e-62,0.341142157620875,0.668,0.464,6.33583522581563e-58
"RPS2",2.3205918912998e-62,0.353400832146896,0.98,0.939,8.69943488210469e-58
"TPM3",3.14738465311013e-62,0.30590647812472,0.785,0.555,1.17989155875793e-57
"HLA-DRB5",3.78647707689383e-62,0.487807390383309,0.82,0.634,1.41947452658596e-57
"DPM1",1.70803939909482e-61,0.272097633309024,0.283,0.141,6.40309809932666e-57
"ANP32E",8.31766783004944e-61,0.312644683507711,0.345,0.184,3.11812731612893e-56
"ARF1",1.23459048977118e-60,0.33802285510524,0.688,0.474,4.62823282805419e-56
"PPP1R14B",1.50957021153571e-60,0.269702017517419,0.236,0.11,5.65907680900508e-56
"SSNA1",2.03886395765961e-60,0.302859436562304,0.444,0.264,7.64329320447434e-56
"FCRL2",2.46122601377694e-60,0.285255243162581,0.288,0.142,9.22664408044701e-56
"CHMP7",2.9679760646957e-60,0.262887901050267,0.308,0.153,1.11263486713312e-55
"BUB3",3.39853629909703e-60,0.264274292841959,0.437,0.25,1.27404328780549e-55
"TMCO1",1.50710970306036e-59,0.26651343247778,0.442,0.259,5.64985285483266e-55
"TMA16",1.69853244381026e-59,0.25371822220953,0.251,0.12,6.36745842535591e-55
"ARL5A",2.08631243800597e-59,0.322182025980536,0.427,0.251,7.8211680675968e-55
"HIST1H4C",2.44392686705844e-59,0.354578838045226,0.582,0.373,9.16179303922866e-55
"C1orf43",3.05707569422974e-59,0.279329139547092,0.446,0.265,1.14603653625285e-54
"MRPS21",4.14254338498182e-59,0.302392130065925,0.627,0.419,1.55295666416199e-54
"NAA20",5.29065016711214e-59,0.252610448520066,0.292,0.15,1.983358934647e-54
"TRAPPC6A",9.94809369343353e-59,0.275067628059167,0.362,0.199,3.72934136379436e-54
"EVL",1.26979636372077e-58,0.295003057948518,0.756,0.512,4.76021260831643e-54
"NDUFS3",1.92293972485715e-58,0.273164388783291,0.343,0.189,7.20871644054449e-54
"CCDC90B",2.11966801934817e-58,0.259650015979334,0.299,0.154,7.94621147093244e-54
"DDX17",2.66486013338394e-58,0.279093425561079,0.588,0.376,9.99002766802972e-54
"EDEM1",2.86372845732908e-58,0.294967541965486,0.224,0.106,1.07355452408352e-53
"NDUFV1",3.32543267856263e-58,0.258052794527396,0.369,0.207,1.24663820253956e-53
"EIF1B",3.47693099504272e-58,0.290627611124474,0.583,0.369,1.30343189142161e-53
"SRSF11",3.72184575862795e-58,0.263420105336453,0.537,0.33,1.39524553799445e-53
"PRCC",3.78556173799351e-58,0.276955961109016,0.254,0.127,1.41913138433901e-53
"SHMT2",4.32879296139044e-58,0.282335274966719,0.323,0.173,1.62277790536605e-53
"NDUFB6",5.47074681369055e-58,0.300092792470062,0.401,0.237,2.05087356551631e-53
"MRPS12",5.9217504324965e-58,0.268738669677771,0.34,0.186,2.21994580213429e-53
"DPY30",1.21470590244462e-57,0.253546953573472,0.386,0.217,4.5536894870844e-53
"CWC15",3.61394039058955e-57,0.263632528488503,0.388,0.222,1.35479397362421e-52
"NHP2",6.90524477396511e-57,0.292065095740186,0.516,0.323,2.58863816086404e-52
"BCL2A1",1.02805855275409e-56,0.465652622265408,0.403,0.233,3.85398590256453e-52
"LAMTOR2",1.06817799642514e-56,0.289599653181759,0.415,0.247,4.00438567299857e-52
"TRAPPC3",1.1887678831366e-56,0.27878764305884,0.342,0.193,4.45645304030248e-52
"PSMC5",1.19266303147935e-56,0.258787926794645,0.447,0.266,4.4710551724098e-52
"GTF2A2",1.85413627263916e-56,0.275563569279528,0.434,0.26,6.95078605886967e-52
"WDR33",2.21681198473118e-56,0.2557271059188,0.331,0.18,8.31038476836027e-52
"COX7B",3.39190326213009e-56,0.356571608713602,0.641,0.445,1.27155669490733e-51
"PTPN7",4.48447644540876e-56,0.265056894903851,0.41,0.236,1.68114052985484e-51
"BLOC1S1",6.67175375828455e-56,0.278636408944644,0.567,0.36,2.50110704890571e-51
"TBCC",9.21095430107742e-56,0.25142460597182,0.284,0.146,3.4530025483879e-51
"RAB9A",1.57117672784748e-55,0.260551179810863,0.218,0.103,5.89002731735465e-51
"PAPOLA",1.57519870769503e-55,0.280448443330275,0.576,0.366,5.90510491540714e-51
"SRA1",2.67393230399188e-55,0.278066441850252,0.27,0.141,1.00240374212048e-50
"TAF1D",4.3400069667408e-55,0.278576377478759,0.537,0.336,1.62698181169179e-50
"DCPS",4.9500240542209e-55,0.253375264093887,0.243,0.121,1.85566501744633e-50
"TPRKB",7.94425082609281e-55,0.258868257485165,0.289,0.152,2.97814074968567e-50
"RWDD1",8.33337352546079e-55,0.298840129934462,0.485,0.307,3.12401506722474e-50
"LSM7",1.92123891196015e-54,0.335913294090542,0.74,0.552,7.20234043315619e-50
"SON",4.53219717583569e-54,0.306225360317582,0.735,0.533,1.69903007727728e-49
"DCXR",6.07737082442719e-54,0.288910920557124,0.368,0.212,2.27828477466127e-49
"SEPT7",9.11096982324345e-54,0.290067839056359,0.765,0.548,3.41552036733751e-49
"SRP72",1.24015558354952e-53,0.264719401423118,0.388,0.226,4.64909525161044e-49
"CDC37",1.57545085384045e-53,0.266517017160179,0.538,0.345,5.90605016087708e-49
"ZCRB1",1.90624510930915e-53,0.284326557600554,0.339,0.192,7.14613166577812e-49
"SRSF6",1.97938167609631e-53,0.263632563694649,0.345,0.189,7.42030602734984e-49
"EIF3E",2.01912489140135e-53,0.2755904574325,0.887,0.743,7.56929539288537e-49
"FKBP8",3.95997184347234e-53,0.272235792501802,0.529,0.339,1.48451424468091e-48
"LAGE3",6.48446165401724e-53,0.293569535681814,0.306,0.169,2.43089498485798e-48
"SPAG7",2.64760694532754e-52,0.270080956661476,0.354,0.203,9.92534891664389e-48
"NDUFB11",2.77851011639913e-52,0.302040913703884,0.727,0.53,1.04160787243571e-47
"GADD45GIP1",2.90063686415945e-52,0.298918369515268,0.524,0.343,1.0873907476361e-47
"SLC25A4",3.6637135978993e-52,0.25043565374016,0.18,0.083,1.37345295358049e-47
"MCM7",5.14077442562317e-52,0.275522451939309,0.163,0.069,1.92717351667761e-47
"ZBTB38",6.76436849865534e-52,0.293200283811869,0.277,0.149,2.53582646277591e-47
"SF3B2",1.35674137384058e-51,0.255147182312929,0.556,0.358,5.08615206225356e-47
"ARF4",1.53036760860092e-51,0.25735638903667,0.413,0.248,5.73704209112314e-47
"NDUFB9",3.17408374879298e-51,0.298530492288517,0.613,0.417,1.18990051574751e-46
"PHB",7.26683450296424e-51,0.253615906827865,0.41,0.245,2.72419091847123e-46
"VAMP8",7.87979502648519e-51,0.283134683814265,0.625,0.426,2.95397755952877e-46
"MAP3K8",3.61381703248414e-50,0.250234624084401,0.291,0.153,1.35474772913765e-45
"NDUFB4",5.9953752790308e-50,0.291539541383499,0.635,0.441,2.24754628460307e-45
"PET100",1.27359526133396e-49,0.25632317509083,0.608,0.41,4.77445391568875e-45
"IFT57",1.76997381144971e-49,0.251329412135087,0.39,0.227,6.63527782436268e-45
"RANBP1",1.79294372272571e-49,0.389006012827499,0.48,0.312,6.72138742775413e-45
"DNAJB11",2.2043455608275e-49,0.315054972794946,0.331,0.195,8.26365063843014e-45
"PSENEN",6.26264367602534e-49,0.269546709020019,0.358,0.213,2.34773986126838e-44
"ITGB2",7.78556463982088e-49,0.294613820297579,0.53,0.347,2.91865247217605e-44
"CHCHD7",9.40656155710151e-49,0.259767939549843,0.342,0.198,3.52633179652621e-44
"HSH2D",1.24226823141029e-48,0.256906327469253,0.432,0.267,4.65701514591091e-44
"PSMD7",1.49249547717826e-48,0.254864850869461,0.369,0.221,5.59506704484585e-44
"RASSF6",1.53481748118671e-48,0.276639563534548,0.129,0.052,5.75372377347274e-44
"DYNLRB1",1.87075490145183e-48,0.265199219029136,0.506,0.33,7.01308597456262e-44
"AZIN1",2.10755186063233e-48,0.273825673671854,0.241,0.126,7.90079041513848e-44
"RAB1A",2.25912400374156e-48,0.264316744796708,0.303,0.174,8.46900406522636e-44
"STUB1",3.82389451543299e-48,0.250882035532323,0.411,0.251,1.43350157594552e-43
"SRI",1.96213636286563e-47,0.278160677481747,0.471,0.299,7.35565679711068e-43
"EIF5A",2.01256304126421e-47,0.359812398031955,0.554,0.378,7.54469632909128e-43
"LSP1",7.73604485504509e-47,0.263079700138778,0.843,0.657,2.9000884952593e-42
"HLA-DRB1",8.91772797684574e-47,0.450730710499852,0.97,0.92,3.34307786395993e-42
"PA2G4",1.09106111373009e-46,0.260857437487247,0.438,0.27,4.09016990315137e-42
"MRPL33",1.17226955953306e-46,0.259485173572609,0.446,0.283,4.39460412477753e-42
"TMEM14B",6.45088797884227e-46,0.253742233206429,0.469,0.3,2.41830888550839e-41
"PIM3",1.06557324444283e-44,0.255592087057715,0.293,0.165,3.99462097876727e-40
"EIF5B",2.91482539196878e-44,0.27710439864331,0.443,0.288,1.09270974294125e-39
"OS9",1.18404394368119e-43,0.278597401301925,0.378,0.237,4.43874393607204e-39
"LMO4",4.47628624643878e-43,0.317680007214435,0.293,0.172,1.67807018806497e-38
"ATP5MG",1.51228040089349e-42,0.287434580066984,0.149,0.344,5.66923676686953e-38
"ATP6V0B",2.11003789660028e-42,0.256267328017925,0.563,0.382,7.91011006677512e-38
"MIF",2.20410559366402e-42,0.290414708913183,0.819,0.65,8.26275104952767e-38
"REEP5",8.1860511987292e-42,0.257018048894207,0.585,0.404,3.0687868733796e-37
"HLA-DQB1",3.64080640439404e-41,0.404062877590283,0.943,0.867,1.36486550487924e-36
"PTPN6",3.16109282082756e-39,0.27016869334549,0.632,0.463,1.18503047667184e-34
"EIF1AX",5.53890148112348e-39,0.283200836923129,0.433,0.285,2.07642338724357e-34
"LSM5",1.81894950448609e-38,0.281846182490881,0.481,0.33,6.81887790241747e-34
"RPS20",3.72019050624359e-37,0.276702509384462,0.951,0.844,1.3946250169806e-32
"DUT",2.61527255889556e-34,0.317201018057336,0.437,0.291,9.80413376878767e-30
"RPL21",6.93264102747914e-34,0.277573240202758,0.99,0.949,2.59890846838138e-29
"IDH2",2.98751993380787e-33,0.264679426934633,0.375,0.249,1.11996147278589e-28
"HLA-DRA",3.90844707473881e-33,0.290524742430081,0.998,0.925,1.46519863937809e-28
"RPS27L",2.0618421599941e-30,0.31328708545047,0.587,0.429,7.72943388938588e-26
"CALR",3.05623402348388e-28,0.310633935682346,0.612,0.477,1.14572101072364e-23
"RPL22L1",2.13899401172848e-24,0.264462823356609,0.664,0.522,8.01866075116772e-20
"TUBA1B",2.18377018262853e-12,0.345728515588591,0.566,0.462,8.18651766063783e-08
