"","V1","V2","V3","V4","V5","V6","V7","V8","V9","V10","V11","V12","V13"
"cluster","MZB-1","MZB-2","GCB","PB","Plasmablast","DN","Naive","TS","AcB1","AcB2","AcB3","IgM-only","Memory"
"1","TCL1A","RPS8","TXNIP","RPL22","TMSB4X","CD79A","VIM","RGS1","RPL6","TCL1A","RPS26","IGKV2-30","CD38"
"2","PLPP5","RPL3","JCHAIN","RPL11","RPL32","HLA-DRA","CD27","CD27","RPS3A","IGHM","RACK1","ACTB","MZB1"
"3","IGHM","VPREB3","HLA-A","SH3BGRL3","RPL13","CD74","IGHG1","GAPDH","RPL5","IGHD","ATP5F1E","RGS1","PRDX4"
"4","XBP1","RPL13","SARAF","CD52","HLA-DRA","HLA-DQB1","IGHM","IGHA1","RPS4Y1","MZB1","IGHG4","TMSB4X","PLPP5"
"5","IGLC2","TXNIP","VIM","HMGN2","RPL39","HLA-DPB1","LGALS1","IGHG1","MT-CO3","PLPP5","ATP5MG","STK17A","TCL1A"
"6","IGHG1","RPS3A","RPL41","LAPTM5","RPL11","HLA-DRB1","ITGB1","IGHG3","RPL4","JCHAIN","PPIB","TCL1A","IGHD"
"7","MZB1","RPS6","B2M","YBX1","RPS23","HLA-DPA1","TNFRSF13B","ACTG1","PLPP5","GSTP1","ATP5MC2","IGLC3","IGHM"
"8","IGHG3","RPL21","FTL","RPS8","RPS27","CD79B","CRIP1","ACTB","TCL1A","XBP1","RBM3","IGLC2","XBP1"
"9","HOPX","RPL34","MT-ND3","RPL5","CD37","MS4A1","ANXA2","HSPA8","RPS27A","SDF2L1","SELENOH","VPREB3","FKBP11"
"10","CD38","RPS27","MT-ND2","CD53","RPS27A","HLA-DQA1","JCHAIN","TNFRSF13B","RPL3","CD38","MT-CO2","ACTG1","IL4R"
"11","IL4R","RPL10","HLA-C","TXNIP","RPS15","MEF2C","S100A6","IGHG2","RPL7","IL4R","NOP53","MARCKSL1","SDF2L1"
"12","IGLC3","RPLP2","RPL13","RPS27","RPL34","CD37","S100A11","CD99","MT-CYB","DERL3","EEF2","LCK","RRBP1"
"13","FKBP11","RPS27A","S100A6","TPM3","EEF1A1","IGKC","PLP2","LGALS1","GSTP1","SSR4","ATP5F1D","HSPA1B","ISG20"
"14","SDF2L1","EEF1A1","RPS12","CD48","RPL19","HLA-DMA","AIM2","IGHG4","DERL3","NUCB2","ELOB","CHI3L2","NUCB2"
"15","TMSB10","RPS12","CD44","RCSD1","RPS15A","VPREB3","IGHA1","KLF6","RPL21","SEC62","CD27","FKBP2","NANS"
"16","IGHG4","RPL9","RPL11","SELL","RPS25","RPS11","IGHG2","DYNLL1","JCHAIN","FKBP11","ATP5MF","HSP90AA1","SPCS3"
"17","RRBP1","RPS5","KLF2","PTPRC","RPS18","RPS10","SEC11C","S100A11","MZB1","IGLC2","ATP5MPL","CD53","DERL3"
"18","SSR4","TCL1A","JUNB","FCMR","ACTB","RPL21","IGHA2","SRGN","RPL13","PDIA4","JUNB","DERL3","HERPUD1"
"19","NUCB2","RPL13A","LY6E","H3F3A","HLA-DPB1","TNFRSF13C","IGHG4","PRDX1","MARCKSL1","RRBP1","ATP5IF1","TRAC","HMCES"
"20","IGHGP","MZB1","FXYD5","RPS7","RPS3A","IRF8","SRGN","ITGB1","MT-ND3","IGKC","ATP5PF","PRDX1","PDIA4"
"21","TSPO","RPL32","EMP3","CALM2","RPL18A","IGHM","DERL3","AIM2","EIF3L","NACA2","ATP5ME","HSPA1A","FKBP2"
"22","MANF","RPL35A","FTH1","RPS27A","RPL12","LY86","FKBP11","VIM","IGHD","RPS27L","TRIR","FKBP11","MYDGF"
"23","RABAC1","RPL7","RPL30","BCL11A","RPS12","RPS17","CLECL1","TRAC","FCER2","ITM2C","SELENOT","MZB1","MANF"
"24","ABRACL","EEF1B2","RPL34","REL","RPS6","CYBA","HERPUD1","SEC11C","RPL37","UCP2","IGHM","TMEM123","GSTP1"
"25","TNFRSF17","RPS3","PLAC8","TMSB10","RPS8","RPL26","UBE2J1","PKM","NUCB2","HMCES","ATP5MC3","CD38","SSR4"
"26","GLRX","GSTP1","RPL32","RPL31","RPL30","TCL1A","VOPP1","PPP1R15A","MT-ND1","CD79A","ATP5MD","BST2","DNAJB9"
"27","CCDC167","ITM2C","SUB1","CXCR4","RPS14","IGHD","NEAT1","SAMSN1","IL4R","PRDX4","TMED10","IFITM1","SEC11C"
"28","RFTN1","RPS16","IFITM2","NBEAL1","RPL41","HLA-DMB","S100A4","PDIA6","RPS2","NDUFC1","TNFRSF13B","PDIA4","CD72"
"29","SSR3","RPL18A","SELL","EEF1B2","RPS3","CD52","S100A10","CLECL1","RPS8","APLP2","FKBP11","FCER2","ABRACL"
"30","PDIA4","RPS23","MT-CYB","RPL37A","RPS19","BANK1","CD99","ACP5","RPS13","HIST1H1C","MT-CYB","FOS","ITM2C"
"31","DSTN","RPL8","JUN","ARPC2","RPS28","RPL13A","XBP1","FOSB","P2RX5","TNFRSF17","PRDX4","SDF2L1","SEMA4A"
"32","SUB1","IGHA1","MT-ATP6","PTMA","CD52","RPL37A","SEC61B","TMSB4X","PNOC","BCL7A","MT-ND5","TNFRSF17","SEC61B"
"33","HMCES","ITM2B","RPS25","RPL32","RPL35A","LAPTM5","HLA-C","CRIP1","FCRL5","ERLEC1","ATP5MC1","PRDX4","APLP2"
"34","ATP5L","SEC62","S100A4","RPL15","RPL28","CD22","THEMIS2","VOPP1","RPL10A","ABRACL","ITM2C","CYTIP","IGKC"
"35","SEC61G","IGHD","RPL39","RPSA","RPL26","HVCN1","ZBTB38","XBP1","DEF8","IGLC3","CAPG","CD69","IGLV3-1"
"36","TRAC","JCHAIN","CD69","RPL14","RPL14","RPS20","SSR3","SEC61B","HMCES","C1orf162","DERL3","TSPAN13","DEF8"
"37","DEF8","JUN","RPL36","TMA7","RPL18","RPL36A","AL928768.3","IGHA2","UCP2","HM13","HLA-DQA2","PTPN7","BCL7A"
"38","ITGB2","P2RX5","MT-ND4","RPL29","RPS21","CD19","AHNAK","HCST","NACA2","NBEAL1","ATP5PB","NUCB2","SEC61G"
"39","PRDX4","MARCKSL1","RPS28","RPL24","RPS9","RPL27A","IGHG3","FKBP11","RPL22","MANF","TSC22D3","MANF","HSPA5"
"40","SEC11C","GNG7","DUSP1","EIF4A2","RPL36","HLA-DOB","PRDX4","PRDX4","UQCRB","C16orf74","CD74","ZFP36L1","JCHAIN"
"41","FCER2","RPS17","TOMM7","RPL35A","PTMA","LINC00926","CAPN2","COTL1","HSP90B1","MRPL51","ACTB","IFI6","HIST1H1C"
"42","GNB2L1","DERL3","RPS14","RPL9","RPS7","BTK","NUCB2","NEAT1","RABAC1","RABAC1","IGLC3","IGHG4","HSP90B1"
"43","RPS17","IGHM","MT-CO2","SMIM14","HLA-DQB1","CTSS","CORO1B","CTSH","NANS","SSR3","CD82","SELL","PIM2"
"44","PPA1","IGHA2","PLP2","CCNI","HLA-DPA1","RPS2","MZB1","DUSP2","RPL23","TSPO","SMIM26","DNAJB1","IFI6"
"45","NANS","MT-ND2","MT-ND1","HNRNPDL","CD74","TSPAN13","IGHGP","ANXA2","SDF2L1","NHSL2","ATP5F1A","MYDGF","JSRP1"
"46","TMEM123","TPT1","RPS27","PLAC8","MS4A1","TPD52","PRDM1","GPR183","NHSL2","STMN1","RTRAF","TMBIM6","IGLL5"
"47","SCPEP1","RPS21","RPS21","ARHGAP24","RPL37","NCF1","CPNE5","SSR3","MZT2B","CD72","ATP5F1B","XBP1","SEC14L1"
"48","ISG20","RPL10A","ZFP36L2","BANK1","RPL35","RPL17","LMO4","FKBP2","SEC62","S100A8","IGHG2","IL4R","CLEC2B"
"49","ATP5E","RPL27A","TSC22D3","RPL34","RPS13","SMIM14","TXN","B2M","EEF1B2","FCER2","GPAA1","PDIA6","BTG2"
"50","TIMP1","RPL23A","RPL9","RPS3A","RPL29","BLNK","CFLAR","REEP5","ITGAE","S100A9","S100A6","HSP90AB1","SSR3"
"51","ID2","RPS29","CAPG","MARCH1","RPL9","FCRLA","POU2AF1","CORO1B","GABPB1-AS1","FKBP2","TMED2","JUN","RGS13"
"52","CD3D","NUCB2","HLA-B","RPL37","RPLP2","SNX3","EMP3","AL928768.3","XBP1","SEC11C","CRIP1","TMED9","RABAC1"
"53","FCRL5","RPL5","RPL35A","BTF3","RPSA","LYN","CD63","HSPA1B","EIF4B","P2RX5","ANXA2","OSTC","ERLEC1"
"54","DERL3","RPS9","GPR183","RPS23","RPL10A","CYB561A3","SCIMP","VCP","MT-ND4","CD79B","COPS9","GAPDH","YBX3"
"55","TCEB2","RPS20","RPS29","COX7C","RPL22","RPL31","SPCS3","HSPA1A","FKBP2","TPD52","EMP3","HMCES","FOS"
"56","HSPA1A","H1FX","TNFRSF13B","MEF2C","RPL5","GNB2L1","CRELD2","CLIC1","ATP5L","RP11-231C14.7","MYDGF","ABI3","TMED10"
"57","S100A10","CD38","IFITM1","SNX2","RPL23A","MARCH1","SDF2L1","GLRX","GNB2L1","BLOC1S2","SELENOK","ACTR3","HM13"
"58","BCL7A","MT-CYB","RPS27A","HINT1","RPL3","LAT2","TXNDC11","ARPC5L","SEC11C","GCHFR","MT-CO1","CR2","TENT5C"
"59","IGLL5","HMCES","RPL29","CD74","RPL15","PNOC","LGALS3","IFITM1","FKBP11","RCSD1","CRELD2","CAP1","POMP"
"60","ATP5G3","FTL","RPS15A","RPS14","RPS5","PDLIM1","ANKRD28","SPCS3","ATP5O","CCDC69","PAXX","IGHGP","LMAN1"
"61","ATP5J2","RPL17","RPL18","NPM1","RPL8","GNG7","ITM2C","SDF2L1","CD79B","YBX3","ATP5PD","MRPL51","OSTC"
"62","ATP5I","APLP2","FCMR","DUSP1","RPL10","FCRL5","CCDC167","UBC","RPS17","SERF2","VOPP1","PLPP5","ARF4"
"63","SPCS3","DUSP1","EEF1B2","GNB2L1","FAU","IGLC2","LMNA","DERL3","RPS20","SEC61B","HLA-C","HM13","PHPT1"
"64","FKBP2","RPL36A","ITM2C","LY86","LTB","CD72","HCST","ACTR3","PDIA4","GMFG","SELENOM","SSR3","FCRL5"
"65","PDIA6","RPL38","MT-CO1","CD83","FTH1","CD40","SELENOM","MRPL51","USF2","RPS17","CD99","SMIM14","PPIB"
"66","MYDGF","CXCR4","RACK1","HLA-A","RPS4X","EAF2","MRPL41","COX5A","RPL9","TMEM258","TAGLN2","SPCS2","IGHGP"
"67","SEL1L3","ICAM2","TMSB10","HLA-E","BTG1","RPL23","LMAN1","LY96","BCL7A","IGLL5","BHLHE41","CITED2","SIAH2"
"68","USMG5","RPSA","RNASE6","HLA-B","PFDN5","IGHG1","TYMP","UBE2N","RPL27","SEC61G","SEM1","IFI35","H1FX"
"69","SELT","RPL4","LINC00926","LTB","RPS16","P2RX5","ADA","TRABD","GLTSCR2","CHI3L2","ITGB7","LAP3","COX5A"
"70","CLEC2D","MT-ND3","RPS3","C6orf48","RPL6","POU2AF1","SPCS1","RAC2","H1FX","CD3D","LMNA","CYBA","KDELR2"
"71","IL32","RPL22","RPL10","GPSM3","HLA-DQA1","FCER2","ERLEC1","SYNGR2","EIF3F","RNASE6","IGHA2","BASP1","C16orf74"
"72","ATP5B","XBP1","PLPP5","HLA-DRA","RPL27","BLK","MARCKS","BASP1","RP11-231C14.7","AES","CLECL1","PTTG1","P4HB"
"73","CITED2","DNAJB9","PFDN5","HLA-DRB5","RPS24","SLC25A6","LY96","CD82","FTL","SLC25A5","S100A4","KDELR1","FCER2"
"74","MYEOV2","RPL31","NPC2","HLA-DRB1","LAPTM5","HLA-DRB5","RP5-887A10.1","ISG15","ATP5I","GPR18","SMARCB1","HSPA5","CD3E"
"75","ATP5J","RPL37A","CD63","HLA-DQA1","RPL31","SPIB","SSPN","GSTK1","TIPIN","MYDGF","RPLP0","ANKRD28","TNFRSF17"
"76","ISG15","YBX3","RPL38","HLA-DQB1","UBA52","LYL1","TOR3A","TXN","HINT1","RP11-255M2.3","REX1BD","TMEM59","CITED2"
"77","CALM3","SELENOM","ITM2B","HLA-DMB","RPL24","NBEAL1","MT2A","GRN","MYDGF","ZNF90","FAM173A","HNRNPF","SELENOS"
"78","AES","FAM129C","RNASET2","HLA-DMA","RPLP1","MZB1","BHLHE41","TYMP","CITED2","LCK","OSTC","RP11-231C14.7","SLC25A5"
"79","YBX3","S100A9","RPL27","HLA-DPA1","RPL38","AC090498.1","RGCC","CTSA","SSR4","EIF3L","THEMIS2","CCL3","TMEM258"
"80","ADK","RPS10","MT-ND4L","HLA-DPB1","RPS29","FAM129C","SELENOS","TNFRSF17","APLP2","IGHGP","VIM","LMAN1","MT2A"
"81","ATP5O","FCER2","HLA-E","RPS18","RPL21","RP11-231C14.7","TNFRSF17","ATP6V0E1","EBLN3","IL32","ATP5F1C","HIST1H1C","ID2"
"82","UBE2J1","IGKC","BANK1","RPS10","PABPC1","IGLC3","MCL1","ARF4","AES","ARPC5","FAM30A","HSPD1","BIK"
"83","PSMA2","NPC2","ATP5MC2","RPL10A","CORO1A","CXXC5","CD38","TPI1","IGLC3","TRBC1","MTRNR2L8","MTHFD2","RP11-231C14.7"
"84","HSPA5","C1orf162","NOP53","HSP90AB1","HLA-DRB1","BCL7A","ITGB7","HSP90AA1","IGHG4","CLEC2D","HSP90B1","CALR","CALR"
"85","IFI6","FKBP11","IGHG1","EEF1A1","RPL7A","RNASE6","PAG1","MANF","VPREB3","IGHG3","LSP1","TECR","EAF2"
"86","HN1","IGLL5","MGST3","PNRC1","PFN1","STX7","DAAM1","HSP90B1","HERPUD1","METAP2","SSR4","BHLHE41","TMEM123"
"87","HSP90B1","TSPAN13","CCR7","PNISR","RPL23","KIAA0125","RGS1","IGHGP","ATP5G2","SELENOS","AHNAK","OCIAD2","GYPC"
"88","GNLY","C16orf74","ATP5F1E","CD24","RPL7","SH2B2","SAMSN1","NANS","GABPB1","FAM129C","LGALS3","PSME2","RFTN1"
"89","SEP15","RPL27","TRBC2","SNX3","ARHGDIB","IGHGP","SSR4","ZBTB38","RP11-796E2.4","ALOX5AP","PFN1","IL32","CD2"
"90","HSPA1B","MANF","PDLIM1","RPS12","RPL36A","ORAI2","IFI6","CD63","MT-ND2","RP11-166O4.6","SUB1","NANS","NEIL1"
"91","COPE","FKBP2","CXCR4","ACTB","RPL37A","CTSH","IGLV3-1","LMAN1","ZNF90","NEIL1","SELENOF","SSR4","CD7"
"92","CST3","NAP1L1","HSP90B1","TOMM7","RPL27A","FTL","DYNLL1","BSG","YBX3","IGHG4","ELOC","CD3D","ISG15"
"93","IGKC","LCK","FOSB","HNRNPA2B1","RPL13A","RALGPS2","S100A9","SPCS2","CD52","LINC00926","SPCS1","ABRACL","IL32"
"94","ZNF90","BTG2","FKBP11","SEPT7","NACA","DRAM2","CTSA","PDIA4","FAM129C","HSP90B1","SLC25A6","RP11-160E2.6","ROMO1"
"95","DBI","PDIA4","RPLP2","STK17A","RPS2","EVI2B","GSTK1","CRELD2","ATP5E","VPREB3","NME2","CD27","IGHA1"
"96","LYZ","S100A8","RPS18","PPIA","CFL1","ADAM28","KRTCAP2","LDHB","CD22","LRMP","KRTCAP2","RPN2","CD3D"
"97","ATP5A1","BCL7A","RNF213","LAT2","MT-ND3","IGHG3","PHPT1","TPM4","RP11-255M2.3","CYB561A3","RPN1","IFI16","NKG7"
"98","MEF2C","METTL8","ZFP36","NCF1","RPL4","FCGR2B","KDELR2","PSMB9","CYB561A3","HSPA1A","SEC61B","SYS1","DBI"
"99","SPCS2","CITED2","RPL35","ARPC1B","RPS11","SNX2","GNLY","MCL1","HSPA1B","ATP5L","SELENOW","HSBP1","IGKV4-1"
"100","COX5A","TMEM123","CYSLTR1","SYPL1","ACTG1","CD180","TRAC","DAD1","IGLL5","GNLY","ITGB1","SKIL","PDIA6"
"101","S100A9","LMAN1","IFI6","AC090498.1","LIMD2","SPI1","IL10RA","RGCC","DNAJB1","GNB2L1","SDF2L1","ID3","SPCS2"
"102","CCL5","ARRDC3","PNRC1","SLC25A6","HLA-E","BASP1","CD82","PPIB","PRDX4","ARPC1B","SDF4","SEC11C","CREM"
"103","AC090498.1","IGLC2","TYMP","TMSB4X","MT-CO1","PLPP5","GRN","NDUFS5","AC079767.4","HSPA1B","MT-ND4L","NCF1","RGS1"
"104","GLTSCR2","IL32","PDE4B","RPS4X","RPS20","SWAP70","RGS2","CCDC167","NEIL1","IGHA1","SELENOS","IGHG1","CST3"
"105","SRGN","LINC00926","ZBP1","RPL36A","NPM1","GGA2","LYZ","HERPUD1","HNRNPA1","MARCKSL1","FAM26F","CCL4","STMN1"
"106","LGALS1","P2RY8","SSR4","TSC22D3","COMMD6","BCL11A","PYCARD","MTRNR2L8","IGHM","IGHG1","ANKRD28","LMAN2","TSPAN13"
"107","LDHA","PIM2","AHNAK","RPL39","BTF3","RP11-693J15.5","PDIA4","DNAJB1","HSPA1A","IGHG2","CIRBP","RGCC","FKBP1A"
"108","CCL3","IGLC3","DERL3","RPL10","MT-CO3","FAM26F","RPL36AL","KDELR1","LINC00926","IGHA2","CH17-373J23.1","RFTN1","SELENOK"
"109","ATP5G2","FOXP1","RPL7A","BLK","TOMM7","ARHGAP24","SELM","FOS","TXNIP",NA,"MGST3","DERL1","CLEC2D"
"110","LAPTM5","RRAS2","CHPT1","ADAM28","RPL17","HHEX","GLRX","ABI3","HSPB1",NA,"MTRNR2L12","DENND2D","SERF2"
"111","CCL4","SDF2L1","CELF2","RPS20","HNRNPA1","CPNE5","GUK1","BCL2A1","NBEAL1",NA,"KLF2","TNFSF10","C1orf162"
"112","YBX1","IGHGP","MARCKS","RPL7","EEF1B2","TLR10","FLNA","IFI6","IGHA2",NA,"IGHGP","STAG3","CDKN1A"
"113","C11orf31","CST3","CAPN2","UQCRB","MYL12A","PKIG","NFKBIA","GNG5","IGHGP",NA,"CYCS","HLA-DOB","PHACTR1"
"114","SELK","MYC","RPS23","RPL30","MALAT1","PHACTR1","S100A8","MTHFD2","IGHA1",NA,"TRABD","TRBC1","S100A9"
"115","RP11-231C14.7","CD3D","LITAF","PABPC1","RPS10","ALOX5","HSPA1A","THEMIS2","IGHG2",NA,"STMP1","EIF1AY","BLOC1S2"
"116","MT2A","SNHG8","PARVB","EIF3E","RPS17","AC079767.4","LINC01781","RGS10","IGHG3",NA,"MTRNR2L1","PDIA3","TYROBP"
"117","SEC61B","FAM26F","BCL2","EIF3H","CXCR4","CLECL1","CCL5","SSR4","IGLC2",NA,"RIPOR2","STAT1","BIRC3"
"118","IGHD","NFKBIA","RPS19","EEF1D","MT-ND4","DERL3","MANF","YWHAE","IGKC",NA,"NUCB2","DNAJB9","S100A8"
"119","DNAJB1","BIRC3","SELENOM","RPL8","EEF1D","HERPUD1","CST3","TOR3A","IGHG1",NA,"PLD3","DAD1","GNLY"
"120","SELENOS","GLTSCR2","CDKN1A","RPS6","TMSB10","UBE2J1","UBC","SAT1",NA,NA,"HDLBP","CXCR4","P2RX5"
"121","EGR1","RP5-887A10.1","IFI44L","HNRNPK","DDX5","CHCHD10","NKG7","PRELID1",NA,NA,"C19orf70","TRABD","MX1"
"122","ARPC4","LYZ","S100A8","ATP6V1G1","ARPC3","FCRL2","CDC42EP3","TUBB",NA,NA,"FOSB","VDAC1","SRGN"
"123","IGHG2","GNLY","ATP5F1D","RPL35","COX4I1","PLEKHF2","FKBP2","LPXN",NA,NA,"CYBC1","LYL1","RHOH"
"124","NEIL1","KLF2","MT-ND5","RPL12","ZFAS1","JCHAIN","TRABD","NDUFA4",NA,NA,"PPP1CA","DNAJA1","LDHA"
"125","NFKBIA","PRDX4","S100A9","RPL7A","EEF2","SSR4","SYNE2","PMVK",NA,NA,"NR4A2","LCP1","FOXP1"
"126","NBEAL1","ZNF90","CCDC50","RPLP2","EIF3E","SCPEP1","LYPLAL1","ERLEC1",NA,NA,"RGS1","ERLEC1","LY6E"
"127","PPIB","SELENOK","GAPT","EIF3F","RPS4Y1","S100A9","CUTA","LMNA",NA,NA,"RER1","SAMSN1","GZMB"
"128","MX1","SNHG7","SVIP","RPL27A","HLA-DMB","RASGRP3","CTSD","TMBIM6",NA,NA,"GABPB1-AS1","CCT8","JUNB"
"129","STAG3","RP11-255M2.3","NR4A2","SWAP70","MT-ATP6","CD24","PIM2","PHPT1",NA,NA,"C7orf50","REEP5","CCL3"
"130","LRMP","HMGN2","PDCD4","RPS13","BANK1","ATP5G2","MGAT4A","TXNDC15",NA,NA,"PDIA6","HVCN1","CCL4"
"131","ARPC1B","PLPP5","HLA-F","MS4A1","IRF8","XBP1","SQSTM1","PTTG1",NA,NA,"SEC11C","NOP10","GPR18"
"132","GABPB1-AS1","HIST1H4C","MT-CO3","CYB561A3","H3F3A","NPC2","GPR183","NDUFAF3",NA,NA,"TMEM208","RNASE6","TRBC1"
"133","JCHAIN","HSP90B1","ISCU","FTH1","CD79B","NEIL1","ID2","H2AFZ",NA,NA,"DERL1","IRF7","LYZ"
"134","HERPUD1","PIK3IP1","CCR6","FAU","MT-CYB","IGHG2","RABGAP1L","BHLHE41",NA,NA,"ANAPC15","UBE2L6","H2AFZ"
"135","AL928768.3","IL4R","TUBA1A","MALAT1","OAZ1","SYK","CD86","HM13",NA,NA,"FIS1","CORO1A","SELK"
"136","IGHA2","NOP53","SAMD9L","CFL1","HLA-DRB5","GAPT","CTSH","RPN1",NA,NA,"JCHAIN","GYPC","SUB1"
"137","HLA-DQA1","STAG3","TIMP1","UCP2","NAP1L1","SNX22","BCL2A1","HSPD1",NA,NA,"MT-ND2","CRELD2","ZFP36"
"138","MARCKSL1","UBE2J1","RP5-887A10.1","RPS3","PPIA","SYPL1","MYDGF","COX17",NA,NA,"SH3BGRL3","CH17-373J23.1","IFITM1"
"139","IGHA1","SPCS3","BHLHE41","RPS25","MT-ND2","RP5-887A10.1","ZFAND6","MYDGF",NA,NA,"RPN2","TMEM109","FAM129C"
"140","GAPDH","FOS","ADGRE5","RPS24","SLC25A6","C11orf31","SELENOK","PTPN7",NA,NA,"COQ7","ARF4","RGS2"
"141",NA,"IGHG3","CCND2","PTPN6","COX7C","SCIMP","HSP90B1","NOP10",NA,NA,"SRM","FOSB","DUSP2"
"142",NA,"TRBC1","IGHD","CD69","LY86","GRN","COX5A","NCF4",NA,NA,"CTSA","HSP90B1","UCP2"
"143",NA,"NBEAL1","MALAT1","ARHGDIB","GPSM3","TCF4","SUB1","HSPE1",NA,NA,"FKBP2","ENO1","H3F3A"
"144",NA,"TCOF1","SELENOK","PFDN5","CIRBP","FKBP11","SELENOW","IDS",NA,NA,"PDCD5","VCP","CD83"
"145",NA,"CCL5","FLNA","HNRNPA1","CD53","ZNF90","TIMP1","LAP3",NA,NA,"CORO1B","DYNLL1","IER2"
"146",NA,"AC090498.1","STAT1","RPS26","SMIM14","CYBB","SMARCB1","KDELR2",NA,NA,"ATP5PO","C12orf75","IGHG1"
"147",NA,"SEC11C","RHOB","RPL41","CD69","IFNGR2","MTRNR2L12","SPATS2",NA,NA,"C4orf48","SRGN","NFKBIA"
"148",NA,"HSPA5","FCGRT","NACA","HNRNPA2B1","PLD4","CD7","PRDM1",NA,NA,"IGLC2","YWHAE","LRMP"
"149",NA,"CCL4","SOCS3","NAP1L1","MT-CO2","CD1C","RPS27L","S100A10",NA,NA,"IGHA1","HLA-DRB5","IGHG3"
"150",NA,"IGHG2","REX1BD","BTG1","HNRNPDL","FAM3C","TCEA1","PYCARD",NA,NA,"PRDX2","TMED10","MARCKSL1"
"151",NA,"SSR4","MYO1F","ARPC3","SYPL1","RRAS2","H2AFZ","LCP1",NA,NA,"NDUFB7","TRAM1","CCL5"
"152",NA,"MYDGF","VPS37B","HVCN1","EIF4A2","CD83","FTL","HNRNPF",NA,NA,"BSG","DNPH1","IGHG4"
"153",NA,"CH17-373J23.1","ICAM3","RPL6","PNISR","SMARCB1","IL32","CDK2AP2",NA,NA,"MZB1","CHMP5","CD69"
"154",NA,"IGHG4","ARL4A","RPLP0","CD48","NACA2","HSPA1B","ADGRE5",NA,NA,"CCL5","IFI44L","CD79B"
"155",NA,"IGHG1","CLEC2B","RPL21","HLA-DMA","SEC11C","ZBTB20","HSPA5",NA,NA,"FUOM","IFNGR1","HMGN1"
"156",NA,"CD69","TENT5C","HMGB1","ZFP36L1","PLAC8","MTRNR2L8","BST2",NA,NA,"EMD","COX5A","IGLC2"
"157",NA,NA,"SLC2A3","TPT1","HMGB1","POU2F2","JPT1","SIT1",NA,NA,"IARS","TMCO1","IGHA2"
"158",NA,NA,"IGLC2","COMMD6","YBX1","GDI2","ISG20","CKS2",NA,NA,"CLIC1","TNFAIP8","ATP5L"
"159",NA,NA,"P2RY10","RPS29","SELL","IGLL5","CD2","PRDX3",NA,NA,"ANAPC11","IDH2","IGHG2"
"160",NA,NA,"YBX3","ZFP36L1","CYB561A3","CDCA7L","SAT1","FABP5",NA,NA,"IL10RA","CD40","IGLC3"
"161",NA,NA,"SELENOH","SRSF5","CCNI","FGD2","ATP2B1","SCIMP",NA,NA,"ARL6IP4","CHMP2A",NA
"162",NA,NA,"ACP5","TCL1A","HVCN1","SEL1L3","ELOB","LMAN2",NA,NA,"MARCKS","BLNK",NA
"163",NA,NA,"PAXX","EVL","MARCH1","MARCKSL1","ATP5IF1","SELENOM",NA,NA,"KLF13","CCR6",NA
"164",NA,NA,"PRDX4","IGHD","SUMO2","CHPT1","CD3D","SMARCB1",NA,NA,"CTSZ","TUBA1B",NA
"165",NA,NA,"LMNA","SRP14","MYL12B","FCRL1","ISG15","TMEM208",NA,NA,"IGLL5","KDELR2",NA
"166",NA,NA,"BTN3A2","B2M","LINC00926","QRSL1","HOPX","LGALS3",NA,NA,"PLP2","SELT",NA
"167",NA,NA,"DDAH2","LINC00926","EVL","HLA-DQA2","PPIB","PLCG2",NA,NA,"HSPB11","ARHGAP9",NA
"168",NA,NA,"RARRES3","RPL4","SNRPD2","HSPA1B","CCDC50","PSME2",NA,NA,"HNRNPDL","COA1",NA
"169",NA,NA,"TRIR","RPLP1","CALM2","STRBP","GAPDH","NDUFB2",NA,NA,"SND1","GADD45B",NA
"170",NA,NA,"NFKBIA","RPS17","TMA7","S100A8","IGLL5","DERL1",NA,NA,"SNRNP40","ISG15",NA
"171",NA,NA,"SELENOS","RPS2","TXNIP","PTPN6","C12orf75","IRF7",NA,NA,"UBE2J1","C11orf31",NA
"172",NA,NA,"CAMK1D","RPS15A","HSP90AB1","DDAH2","DNAJB1","MRPL20",NA,NA,"UQCRFS1","MDH1",NA
"173",NA,NA,"ODF3B","CD19","RPS26","AL928768.3","HMGB2","CD53",NA,NA,"COPE","LDHA",NA
"174",NA,NA,"SPOCK2","CORO1A","COTL1","RCSD1","EGR1","ATOX1",NA,NA,"NDUFS6","PRDX5",NA
"175",NA,NA,"HEXB","FUS","RAC2","RP11-255M2.3","IER5","TAP1",NA,NA,"NCR3","CD164",NA
"176",NA,NA,"ASAH1","COTL1","STK17A","LRMP","SEC61G","DNAJA1",NA,NA,"AL928768.3","EVI2A",NA
"177",NA,NA,"S100A11","COX4I1","PNRC1","IFT57","EZR","PSMA5",NA,NA,"PCSK7","FADS3",NA
"178",NA,NA,"ELOB","IRF8","IFITM2","BCAS4","ATP5MG","IFI27L2",NA,NA,"RGCC","TPM4",NA
"179",NA,NA,"CHD2","RPL13","PTPRC","SNHG7","HSPB1","LMO4",NA,NA,"TRAM1","CTSH",NA
"180",NA,NA,"MEI1","PFN1","SRSF5","STAG3","MTRNR2L1","MZB1",NA,NA,"MYO1F","TMEM258",NA
"181",NA,NA,"MTSS1","ACAP1","MT-ND1","IL4R","ATP5F1E","TMED9",NA,NA,"B4GALT1","SPCS3",NA
"182",NA,NA,"ITM2A","RPL26","ARHGAP24","KLF2","MX1","NDUFB3",NA,NA,"APH1A","IGHG2",NA
"183",NA,NA,"SELENOF","UBB","EIF3F","TCOF1","DUSP2","ANKRD28",NA,NA,"SEC61G","RP11-386I14.4",NA
"184",NA,NA,"ARL6IP5","RPL23A","SNX3","IGHG4","IGLC3","NDUFV2",NA,NA,"SF1","PGK1",NA
"185",NA,NA,"MZB1","RPL23","TPM3",NA,"COTL1","ADA",NA,NA,"PLEKHJ1","ENTPD1",NA
"186",NA,NA,"SERPINB6","RPL19","HMGN2",NA,"PLCG2","TMCO1",NA,NA,"ADGRE5","GLRX",NA
"187",NA,NA,"PIK3IP1","EIF1","CD83",NA,"IFITM1","SPCS1",NA,NA,"P4HB","MX1",NA
"188",NA,NA,"TNFRSF1B","RPL27","PPDPF",NA,"MT-ND4L","TXNDC17",NA,NA,"DPP7","STK17B",NA
"189",NA,NA,"ANXA2","LIMD2","REL",NA,"KLF6","ANAPC11",NA,NA,"FUNDC2","PPIB",NA
"190",NA,NA,"GNLY","CD79B","TNFRSF13C",NA,"IGLC2","CPNE5",NA,NA,"IDS","LPXN",NA
"191",NA,NA,"NME4","DDX5","SRP14",NA,"IGKC","ID3",NA,NA,"CDC42SE2","MEF2C",NA
"192",NA,NA,"EML4","RPL38","SH3BGRL3",NA,NA,"NUCB2",NA,NA,"RNH1","EPSTI1",NA
"193",NA,NA,"S1PR4","H3F3B","FCMR",NA,NA,"LPIN1",NA,NA,"PNOC","HLA-DQA2",NA
"194",NA,NA,"SELM","ACTG1","RPLP0",NA,NA,"MRPL41",NA,NA,"CXXC5","GNG5",NA
"195",NA,NA,"IRF1","MYL12A","HLA-A",NA,NA,"TUBA4A",NA,NA,"POLR2L","HLA-DQA1",NA
"196",NA,NA,"ATP5MD","MYL12B","UCP2",NA,NA,"HMGA1",NA,NA,"CD63","H1FX",NA
"197",NA,NA,"TPT1","RPL17","TPT1",NA,NA,"TMED5",NA,NA,"IER2","P4HB",NA
"198",NA,NA,"DNAJB9","ZFAS1","GNB2L1",NA,NA,"TMEM258",NA,NA,"RP11-386I14.4","LYSMD2",NA
"199",NA,NA,"TRAF3IP3","BCAS4","CD22",NA,NA,"SLC3A2",NA,NA,"SUN2","CTSD",NA
"200",NA,NA,"SELENOW","RPS21","EIF3H",NA,NA,"PFN1",NA,NA,"TMEM258","WDR1",NA
"201",NA,NA,"C1orf162","PPDPF","EIF1",NA,NA,"ARL6IP5",NA,NA,"AURKAIP1","IGHG3",NA
"202",NA,NA,"THEMIS2","CIRBP","HMGN1",NA,NA,"FERMT3",NA,NA,"BLK","HNRNPK",NA
"203",NA,NA,"IGLC3","RPS15","B2M",NA,NA,"TMEM50A",NA,NA,"PSME2","SHFM1",NA
"204",NA,NA,"MTRNR2L8","OAZ1","CD24",NA,NA,"CSTB",NA,NA,"TMC8","TUBB",NA
"205",NA,NA,"CD55","EEF2","HNRNPK",NA,NA,"IGLV3-1",NA,NA,"KCNN4","UQCRQ",NA
"206",NA,NA,"CD24","RPL36","FXYD5",NA,NA,"IDH2",NA,NA,"PYURF","POMP",NA
"207",NA,NA,"CRTC3","FCER2","SPIB",NA,NA,"WDR1",NA,NA,"YPEL3","TAP1",NA
"208",NA,NA,"LGALS1","RPS28","NCF1",NA,NA,"OSTC",NA,NA,"CFLAR","OAS1",NA
"209",NA,NA,"ANXA6","RPL18A","SNX2",NA,NA,"EGR1",NA,NA,"HCST","SRP9",NA
"210",NA,NA,"XAF1","UBA52","FUS",NA,NA,"PAG1",NA,NA,"HSPA5","NEIL1",NA
"211",NA,NA,"HLA-DQA2","FXYD5","RCSD1",NA,NA,"ITM2C",NA,NA,"PRKCB","CCR7",NA
"212",NA,NA,"ITGA4","CD22","ARL6IP5",NA,NA,"RER1",NA,NA,"PSMA4","IGKC",NA
"213",NA,NA,"CST3","RPS16","HINT1",NA,NA,"ZFAND6",NA,NA,"CCDC50","SOCS1",NA
"214",NA,NA,"TXN","RPS19","ARPC1B",NA,NA,"MRPS6",NA,NA,"PTPN6","SYNGR2",NA
"215",NA,NA,"RPL31","CD79A","GLTSCR2",NA,NA,"MX1",NA,NA,"IQGAP1","NASP",NA
"216",NA,NA,"NAAA","SNRPD2","RNASET2",NA,NA,"UQCRQ",NA,NA,"PSMB10","NDUFB2",NA
"217",NA,NA,"ATP5MC1","GLTSCR2","H3F3B",NA,NA,"CTSC",NA,NA,"TAPBP","EGR1",NA
"218",NA,NA,"FAM46C","RPL18","STX7",NA,NA,"CTSB",NA,NA,"EIF4A1","STMN1",NA
"219",NA,NA,"VAMP5","CD37","LAT2",NA,NA,"LRMP",NA,NA,"TEX264","PSMB1",NA
"220",NA,NA,"C19orf66","RPL13A","MEF2C",NA,NA,"CYTIP",NA,NA,"MPG","RASAL3",NA
"221",NA,NA,"RIPOR2","RPS11","PCBP2",NA,NA,"RPN2",NA,NA,"DDOST","HLA-DMA",NA
"222",NA,NA,"HPCAL1","SPIB","YWHAZ",NA,NA,"RPS19BP1",NA,NA,"KLF6","EIF2AK2",NA
"223",NA,NA,"CRIP1","RPS9","TSC22D3",NA,NA,"VDAC1",NA,NA,"EIF5A","CD180",NA
"224",NA,NA,"PARP9","RPL28","TCL1A",NA,NA,"PGK1",NA,NA,"MT-ND1","HSPH1",NA
"225",NA,NA,"FOS","RPS5","LCP1",NA,NA,"TCIRG1",NA,NA,"PRELID1","IRF8",NA
"226",NA,NA,"CD48","RPS4Y1","TNFAIP8",NA,NA,"SUSD3",NA,NA,"TUBB","PPP1R18",NA
"227",NA,NA,"DUSP22","VPREB3","FCER2",NA,NA,"LDHA",NA,NA,"EGR1","XAF1",NA
"228",NA,NA,"LYZ","RAC2","PLAC8",NA,NA,"HSBP1",NA,NA,"UCP2","PSMA4",NA
"229",NA,NA,"DCTD","EIF3L","EIF3L",NA,NA,"ZYX",NA,NA,"CD1C","ARPC4",NA
"230",NA,NA,"IGHG3","RPL3","ANAPC16",NA,NA,"TECR",NA,NA,"ARF6","PARP1",NA
"231",NA,NA,"ADAM28","TNFRSF13C","FCRLA",NA,NA,"POU2AF1",NA,NA,"ANAPC5","GSTP1",NA
"232",NA,NA,"MT2A","HMGN1","BCAS4",NA,NA,"TMEM14A",NA,NA,"RNASET2","MIR155HG",NA
"233",NA,NA,"N4BP2L1","MT-ND1","BLK",NA,NA,"CCDC50",NA,NA,"CYTH4","PIK3IP1",NA
"234",NA,NA,"SBDS","MT-ND2","C6orf48",NA,NA,"LINC00152",NA,NA,"TXN","SEC61G",NA
"235",NA,NA,"CASP1","MT-CO1","SWAP70",NA,NA,"CITED2",NA,NA,"KANSL1","ARPC5",NA
"236",NA,NA,"CTSB","MT-CO2","NBEAL1",NA,NA,"SELENOS",NA,NA,"GRK6","ANXA6",NA
"237",NA,NA,"FAM30A","MT-ATP6","VASP",NA,NA,"POLR2L",NA,NA,"GUK1","IGHD",NA
"238",NA,NA,"DNPH1","MT-CO3","SKP1",NA,NA,"TLR10",NA,NA,"NEAT1","TCF4",NA
"239",NA,NA,"SMIM26","MT-ND3","ACAP1",NA,NA,"TIMP1",NA,NA,"PGAM1","SYPL1",NA
"240",NA,NA,"NME3","MT-ND4","PRR13",NA,NA,"KCNN4",NA,NA,"MYO1G","RAN",NA
"241",NA,NA,"SAMD9","MT-CYB","HSPA8",NA,NA,"TMEM59",NA,NA,"PTPN1","CAPZA1",NA
"242",NA,NA,"ATP5PD","FCRLA","ARPC2",NA,NA,"ATP5MC3",NA,NA,"SPCS3","SEPT9",NA
"243",NA,NA,"LMAN1","ANAPC16","AC090498.1",NA,NA,"C1orf43",NA,NA,"PCBP2","HMGA1",NA
"244",NA,NA,"CCL5","ACTR3","ATP6V1G1",NA,NA,"MOB1A",NA,NA,"LY86","LAT2",NA
"245",NA,NA,"IDS","STX7","UBXN1",NA,NA,"MYL12A",NA,NA,"PLD4","CD79B",NA
"246",NA,NA,"ZNF331","GAPT","SF1",NA,NA,"VASP",NA,NA,"COX7A2L","HSPE1",NA
"247",NA,NA,"IGHM","UBXN1","TUBB",NA,NA,"ROMO1",NA,NA,"TPI1","MT2A",NA
"248",NA,NA,"MT-ATP8","CD40","UQCRB",NA,NA,"RAN",NA,NA,"COTL1","TYMP",NA
"249",NA,NA,"ARHGAP45","CD72","HLA-DQA2",NA,NA,"PDIA3",NA,NA,"AIM2","IGHA1",NA
"250",NA,NA,"ARHGAP15","LYL1","SYNGR2",NA,NA,"PTGES3",NA,NA,"TRBC1","SPCS1",NA
"251",NA,NA,"ENTPD1","KLF6","SP110",NA,NA,"DOK3",NA,NA,"CDC42","MS4A1",NA
"252",NA,NA,"MTRNR2L12","EVI2B","CAPG",NA,NA,"HLA-C",NA,NA,"ZFP36L2","RAC2",NA
"253",NA,NA,"IL27RA","DCK","INPP5D",NA,NA,"IFI35",NA,NA,"TRAC","HLA-DMB",NA
"254",NA,NA,"HSD17B11","RNASET2","CD19",NA,NA,"UBE2J1",NA,NA,"TGFB1","EVL",NA
"255",NA,NA,"SP110","LBH","EIF3K",NA,NA,"CD3D",NA,NA,"FOS","CD44",NA
"256",NA,NA,"TNFRSF14","PRR13","DEK",NA,NA,"SELENOK",NA,NA,"IGHG3","HIST1H4C",NA
"257",NA,NA,"MACF1","SKP1","BCL11A",NA,NA,"SND1",NA,NA,"HERPUD1","METAP2",NA
"258",NA,NA,"LYST","HHEX","RGS19",NA,NA,"BCAS4",NA,NA,"PKM","RP11-347P5.1",NA
"259",NA,NA,"LEPROTL1","TLR10","PTPN6",NA,NA,"PCED1B",NA,NA,"RP5-887A10.1","HLA-DQB1",NA
"260",NA,NA,"CEBPB","SCIMP","SCIMP",NA,NA,"C4orf48",NA,NA,"GRN","PLCG2",NA
"261",NA,NA,"MTRNR2L1","IGHM","DUSP1",NA,NA,"BATF",NA,NA,"S100A11","TLR10",NA
"262",NA,NA,"IGHG2","ATP5E","HHEX",NA,NA,"MTDH",NA,NA,"IMPDH2","CD24",NA
"263",NA,NA,"TAGLN2","SUMO2","GAPT",NA,NA,"PSMB2",NA,NA,"PIM2","IGLL5",NA
"264",NA,NA,"IGHG4","PKIG","RASGRP2",NA,NA,"ENTPD1",NA,NA,"YWHAZ","IGHM",NA
"265",NA,NA,"FCGR2B","JUNB","SEPT7",NA,NA,"CFLAR",NA,NA,"NFKBIA","TRIM22",NA
"266",NA,NA,"KIAA1551","IFITM2","CSK",NA,NA,"CAPG",NA,NA,"SRSF1","HOPX",NA
"267",NA,NA,"ARID5A","CD82","DCK",NA,NA,"SCAMP2",NA,NA,"XBP1","PKM",NA
"268",NA,NA,"METTL8","LCP1","CD82",NA,NA,"TMEM107",NA,NA,"PSMA3-AS1","REL",NA
"269",NA,NA,"NCR3","INPP5D","TRIM22",NA,NA,"ITGB7",NA,NA,"C12orf75","IFITM2",NA
"270",NA,NA,"ATP5PO","ARL6IP5","KLF6",NA,NA,"GUK1",NA,NA,"PDLIM1","PPP1R15A",NA
"271",NA,NA,"DRAP1","FOXP1","MT-ND5",NA,NA,"SMIM14",NA,NA,"RGS19","BCAS4",NA
"272",NA,NA,"IGHA2","TNFAIP8","VAMP2",NA,NA,"JCHAIN",NA,NA,"IRF1","ISG20",NA
"273",NA,NA,"FCER2","RASGRP2","C1orf162",NA,NA,"MTRNR2L12",NA,NA,"NT5C","HERPUD1",NA
"274",NA,NA,"CDKN1B","DRAM2","PLEKHF2",NA,NA,"H2AFV",NA,NA,"TYMP","ATP5L",NA
"275",NA,NA,"CTSC","KLF2","TLR10",NA,NA,"COX8A",NA,NA,"RP11-347P5.1","DDIT4",NA
"276",NA,NA,"PPP1R15A","VASP","UBB",NA,NA,"NDUFS6",NA,NA,"IL32","KLF6",NA
"277",NA,NA,"RASGRP2","CLIC1","TUBA1A",NA,NA,"TUBB4B",NA,NA,"ACP5","CCL5",NA
"278",NA,NA,"HSPA1A","SF1","PSME1",NA,NA,"ATP6V0B",NA,NA,"DDX3X","JCHAIN",NA
"279",NA,NA,"IL32","HNRNPC","TRAF5",NA,NA,"TALDO1",NA,NA,"GABARAP","IGHA2",NA
"280",NA,NA,"ZEB2","PCBP2","GDI2",NA,NA,"EVI2A",NA,NA,"HNRNPH1","HMGN1",NA
"281",NA,NA,"MPHOSPH8","CSK","HNRNPC",NA,NA,"SEM1",NA,NA,"TBC1D10C",NA,NA
"282",NA,NA,"NR4A1","EIF3D","LBH",NA,NA,"CDKN1A",NA,NA,"SSR3",NA,NA
"283",NA,NA,"PSME1","POU2F2","CNBP",NA,NA,"KLHL6",NA,NA,"CD3D",NA,NA
"284",NA,NA,"CCL4","SH3BGRL","CTSS",NA,NA,"DEF6",NA,NA,"IGKC",NA,NA
"285",NA,NA,"TRIM22","YWHAZ","ACTR3",NA,NA,"UBL5",NA,NA,"IGHG1",NA,NA
"286",NA,NA,"DHRS7","BIN1","RBMX",NA,NA,"HN1",NA,NA,"TLR10",NA,NA
"287",NA,NA,"LDLRAD4","CTSS","DAZAP2",NA,NA,"VMP1",NA,NA,"IFI6",NA,NA
"288",NA,NA,"IGHGP","ATP5G2","LYSMD2",NA,NA,"LCK",NA,NA,"TRBC2",NA,NA
"289",NA,NA,"AREG","PLEKHF2","HLA-B",NA,NA,"MT2A",NA,NA,"MT-ATP8",NA,NA
"290",NA,NA,"KLF6","EZR","NT5C",NA,NA,"RILPL2",NA,NA,"IFITM1",NA,NA
"291",NA,NA,"PYURF","SEPT9","PKIG",NA,NA,"DDIT4",NA,NA,"SYNGR2",NA,NA
"292",NA,NA,"TSTD1","PRKCB","CDC42",NA,NA,"SOCS3",NA,NA,"GNLY",NA,NA
"293",NA,NA,"CAST","DEK","PSMB9",NA,NA,"CCND2",NA,NA,"TNFRSF13C",NA,NA
"294",NA,NA,"IGKC","MARCKSL1","RBM3",NA,NA,"IER2",NA,NA,"LTB",NA,NA
"295",NA,NA,"CARD16","RGS19","CD40",NA,NA,"CLTA",NA,NA,"HOPX",NA,NA
"296",NA,NA,"TMEM147","RBM3","ATP5E",NA,NA,"GCHFR",NA,NA,"ZFP36",NA,NA
"297",NA,NA,"CHD1","LSP1","TAGLN2",NA,NA,"CDC42EP3",NA,NA,"MT2A",NA,NA
"298",NA,NA,"ADK","TAGLN2","EIF3D",NA,NA,"DAAM1",NA,NA,NA,NA,NA
"299",NA,NA,"N4BP2L2","HNRNPA0","EVI2B",NA,NA,"STAT1",NA,NA,NA,NA,NA
"300",NA,NA,"PHF1","SNHG7","FAM129C",NA,NA,"HIST1H4C",NA,NA,NA,NA,NA
"301",NA,NA,"GPX4","UBC","ATP6V0E1",NA,NA,"C12orf75",NA,NA,NA,NA,NA
"302",NA,NA,"PSAP","CDC42","SH3BGRL",NA,NA,"CTSD",NA,NA,NA,NA,NA
"303",NA,NA,"ANKRD12","HSPA8","PRKCB",NA,NA,"PSMB1",NA,NA,NA,NA,NA
"304",NA,NA,"SMCHD1","FAM129C","CAPZB",NA,NA,"GMDS",NA,NA,NA,NA,NA
"305",NA,NA,"RP1-313I6.12","SP110","FAM49B",NA,NA,"CD86",NA,NA,NA,NA,NA
"306",NA,NA,"LAPTM4A","DAZAP2","BIN1",NA,NA,"CALR",NA,NA,NA,NA,NA
"307",NA,NA,"CTSA","GABPB1-AS1","SNX10",NA,NA,"CHCHD10",NA,NA,NA,NA,NA
"308",NA,NA,"AIDA","FCRL1","RSL24D1",NA,NA,"OAS1",NA,NA,NA,NA,NA
"309",NA,NA,"PSME2","RP11-231C14.7","ACTR2",NA,NA,"UBE2L6",NA,NA,NA,NA,NA
"310",NA,NA,"ERLEC1","RBM39","RHOH",NA,NA,"COPE",NA,NA,NA,NA,NA
"311",NA,NA,"RIC3","CAP1","KLF2",NA,NA,"IL32",NA,NA,NA,NA,NA
"312",NA,NA,"DDIT4","SRSF7","HNRNPA0",NA,NA,"PPP1R18",NA,NA,NA,NA,NA
"313",NA,NA,"RPL17","GDI2","JUNB",NA,NA,"HSPH1",NA,NA,NA,NA,NA
"314",NA,NA,"PTPN1","VAMP2","MARCKSL1",NA,NA,"TWF2",NA,NA,NA,NA,NA
"315",NA,NA,"CH17-373J23.1","SYNGR2","IGHG1",NA,NA,"CD2",NA,NA,NA,NA,NA
"316",NA,NA,"JUND","ERP29","POU2F2",NA,NA,"PSMB3",NA,NA,NA,NA,NA
"317",NA,NA,"HSPB1","HLA-DOA","ID3",NA,NA,"TCF4",NA,NA,NA,NA,NA
"318",NA,NA,"SRGN","LYSMD2","PDLIM1",NA,NA,"ARPC5",NA,NA,NA,NA,NA
"319",NA,NA,"ISG15","STK17B","LRRFIP1",NA,NA,"CMTM6",NA,NA,NA,NA,NA
"320",NA,NA,"PIM2","FAM49B","CD72",NA,NA,"EMB",NA,NA,NA,NA,NA
"321",NA,NA,"KRTCAP2","DBNL","EZR",NA,NA,"CUTA",NA,NA,NA,NA,NA
"322",NA,NA,"SAT1","AFF3","VPREB3",NA,NA,"PGAM1",NA,NA,NA,NA,NA
"323",NA,NA,"IRF7","ATP6V0E1","NCR3",NA,NA,"SEC61G",NA,NA,NA,NA,NA
"324",NA,NA,"MYC","NCR3","ELOVL5",NA,NA,"HIGD2A",NA,NA,NA,NA,NA
"325",NA,NA,"SDF2L1","GGA2","MTPN",NA,NA,"NDUFB4",NA,NA,NA,NA,NA
"326",NA,NA,"LBH","FAM65B","HLA-DOA",NA,NA,"CIB1",NA,NA,NA,NA,NA
"327",NA,NA,"SSR3","EIF3K","STAG3",NA,NA,"FAM102A",NA,NA,NA,NA,NA
"328",NA,NA,"UBE2L6","ARPC4","ALOX5",NA,NA,"JPT1",NA,NA,NA,NA,NA
"329",NA,NA,"PHACTR1","HLA-DQA2","AFF3",NA,NA,"ARHGDIA",NA,NA,NA,NA,NA
"330",NA,NA,"SEC11C","QRSL1","GGA2",NA,NA,"IFI30",NA,NA,NA,NA,NA
"331",NA,NA,"XBP1","CCR7","ADAM28",NA,NA,"RABGAP1L",NA,NA,NA,NA,NA
"332",NA,NA,"HIST1H1C","STAG3","RHOF",NA,NA,"SLC25A3",NA,NA,NA,NA,NA
"333",NA,NA,"FMNL1","TBC1D10C","BCL2A1",NA,NA,"TLE3",NA,NA,NA,NA,NA
"334",NA,NA,"EIF2AK2","LSM7","SEPT9",NA,NA,"MIR155HG",NA,NA,NA,NA,NA
"335",NA,NA,"FGD2","RHOH","TBC1D10C",NA,NA,"HOPX",NA,NA,NA,NA,NA
"336",NA,NA,"AP1S2","PAX5","UBE2N",NA,NA,"COX6A1",NA,NA,NA,NA,NA
"337",NA,NA,"PHF20","TRAF5","LYN",NA,NA,"RAP1A",NA,NA,NA,NA,NA
"338",NA,NA,"SQSTM1","ST13","SNRPB",NA,NA,"MIDN",NA,NA,NA,NA,NA
"339",NA,NA,"TMEM154","LYN","PPP1R18",NA,NA,"ZNF706",NA,NA,NA,NA,NA
"340",NA,NA,"PARP14","RP11-693J15.5","BLOC1S2",NA,NA,"KRTCAP2",NA,NA,NA,NA,NA
"341",NA,NA,"IER2","CAPZB","GAPDH",NA,NA,"CAP1",NA,NA,NA,NA,NA
"342",NA,NA,"TNRC6B","PHACTR1","RHOA",NA,NA,"HSP90AB1",NA,NA,NA,NA,NA
"343",NA,NA,"CLIC1","SEPT6","UBE2D3",NA,NA,"LYPLAL1",NA,NA,NA,NA,NA
"344",NA,NA,"CIB1","CHI3L2","CCR7",NA,NA,"MYL12B",NA,NA,NA,NA,NA
"345",NA,NA,"MBP","TAF7","PDLIM2",NA,NA,"SLC2A3",NA,NA,NA,NA,NA
"346",NA,NA,"SAMSN1","CNN2","ST13",NA,NA,"SELENOW",NA,NA,NA,NA,NA
"347",NA,NA,"IGHA1","ANXA6","ATP5G2",NA,NA,"SNU13",NA,NA,NA,NA,NA
"348",NA,NA,"PPM1K","TMEM154","N4BP2L2",NA,NA,"FNBP1",NA,NA,NA,NA,NA
"349",NA,NA,"SP100","TRIM22","TRAF3IP3",NA,NA,"NR4A1",NA,NA,NA,NA,NA
"350",NA,NA,"HSPA1B","PSME1","RBM39",NA,NA,"CALM1",NA,NA,NA,NA,NA
"351",NA,NA,"MYDGF","RBMX","PNRC2",NA,NA,"MYL6",NA,NA,NA,NA,NA
"352",NA,NA,"CD1C","CCR6","LYL1",NA,NA,"SASH3",NA,NA,NA,NA,NA
"353",NA,NA,"IGLL5","RP11-796E2.4","FAM65B",NA,NA,"ATP5PF",NA,NA,NA,NA,NA
"354",NA,NA,"ARHGAP24","MT-ND5","SNHG7",NA,NA,"RHOG",NA,NA,NA,NA,NA
"355",NA,NA,"CD3D","HCLS1","CIB1",NA,NA,"CD7",NA,NA,NA,NA,NA
"356",NA,NA,"CHI3L2","AC079767.4","RP11-693J15.5",NA,NA,"RHOA",NA,NA,NA,NA,NA
"357",NA,NA,"FKBP2","HLA-DOB","FCRL1",NA,NA,"CDC37",NA,NA,NA,NA,NA
"358",NA,NA,NA,"BIRC3","PCSK7",NA,NA,"SH3KBP1",NA,NA,NA,NA,NA
"359",NA,NA,NA,"PSMB9","ARF6",NA,NA,"OST4",NA,NA,NA,NA,NA
"360",NA,NA,NA,"ANKRD44","IL4R",NA,NA,"CREM",NA,NA,NA,NA,NA
"361",NA,NA,NA,"CXCR5","LSP1",NA,NA,"GADD45B",NA,NA,NA,NA,NA
"362",NA,NA,NA,"ATP5L","CLIC1",NA,NA,"ENO1",NA,NA,NA,NA,NA
"363",NA,NA,NA,"N4BP2L2","ANP32B",NA,NA,"CORO1A",NA,NA,NA,NA,NA
"364",NA,NA,NA,"CLEC2D","OFD1",NA,NA,"SELENOT",NA,NA,NA,NA,NA
"365",NA,NA,NA,"PDLIM1","CMTM6",NA,NA,"YWHAB",NA,NA,NA,NA,NA
"366",NA,NA,NA,"ZFP36L2","HSP90AA1",NA,NA,"PRDX5",NA,NA,NA,NA,NA
"367",NA,NA,NA,"TRAF3IP3","CDCA7L",NA,NA,"RPS27L",NA,NA,NA,NA,NA
"368",NA,NA,NA,"CNPY3","CNN2",NA,NA,"ATP5IF1",NA,NA,NA,NA,NA
"369",NA,NA,NA,"CD1C","CAP1",NA,NA,"CD164",NA,NA,NA,NA,NA
"370",NA,NA,NA,"CNR2","QRSL1",NA,NA,"ARPC2",NA,NA,NA,NA,NA
"371",NA,NA,NA,"ELOVL5","CNPY3",NA,NA,"CCL3",NA,NA,NA,NA,NA
"372",NA,NA,NA,"OFD1","SRSF7",NA,NA,"C19orf53",NA,NA,NA,NA,NA
"373",NA,NA,NA,"PNN","FBL",NA,NA,"C19orf66",NA,NA,NA,NA,NA
"374",NA,NA,NA,"SKAP2","ARPC4",NA,NA,"MS4A1",NA,NA,NA,NA,NA
"375",NA,NA,NA,"IL4R","GPR18",NA,NA,"TRMT112",NA,NA,NA,NA,NA
"376",NA,NA,NA,"C11orf31","BRK1",NA,NA,"RHOB",NA,NA,NA,NA,NA
"377",NA,NA,NA,"SCAF11","MSN",NA,NA,"TRBC1",NA,NA,NA,NA,NA
"378",NA,NA,NA,"CR2","LSM7",NA,NA,"SKIL",NA,NA,NA,NA,NA
"379",NA,NA,NA,"ARGLU1","ITGB2",NA,NA,"HLA-E",NA,NA,NA,NA,NA
"380",NA,NA,NA,"CLECL1","SIPA1",NA,NA,"RGS2",NA,NA,NA,NA,NA
"381",NA,NA,NA,"GPR18","STK4",NA,NA,"PSMA7",NA,NA,NA,NA,NA
"382",NA,NA,NA,"SON","CHI3L2",NA,NA,"REX1BD",NA,NA,NA,NA,NA
"383",NA,NA,NA,"ZNF90","EIF4B",NA,NA,"RUNX3",NA,NA,NA,NA,NA
"384",NA,NA,NA,"SIPA1","HNRNPF",NA,NA,"CAPZB",NA,NA,NA,NA,NA
"385",NA,NA,NA,"SP100","CIITA",NA,NA,"GABARAP",NA,NA,NA,NA,NA
"386",NA,NA,NA,"SNX10","RP11-796E2.4",NA,NA,"JUN",NA,NA,NA,NA,NA
"387",NA,NA,NA,"BRK1","TRIM38",NA,NA,"DEK",NA,NA,NA,NA,NA
"388",NA,NA,NA,"UBE2D3","PAX5",NA,NA,"COX6B1",NA,NA,NA,NA,NA
"389",NA,NA,NA,"CIB1","SEPT6",NA,NA,"NR4A2",NA,NA,NA,NA,NA
"390",NA,NA,NA,"SNX22","ARID4B",NA,NA,"CD19",NA,NA,NA,NA,NA
"391",NA,NA,NA,"ARF6","DRAM2",NA,NA,"ATP5MC1",NA,NA,NA,NA,NA
"392",NA,NA,NA,"MBD4","HCLS1",NA,NA,"IGKC",NA,NA,NA,NA,NA
"393",NA,NA,NA,"RP11-347P5.1","EPC1",NA,NA,"ELOB",NA,NA,NA,NA,NA
"394",NA,NA,NA,"SNAP23","SNAP23",NA,NA,"RGS19",NA,NA,NA,NA,NA
"395",NA,NA,NA,"FNBP1","PIK3AP1",NA,NA,"EPSTI1",NA,NA,NA,NA,NA
"396",NA,NA,NA,"CIITA","ALOX5AP",NA,NA,"CD44",NA,NA,NA,NA,NA
"397",NA,NA,NA,"ARID4B","ARGLU1",NA,NA,"S100A4",NA,NA,NA,NA,NA
"398",NA,NA,NA,"ARPC5","SSBP4",NA,NA,"WSB1",NA,NA,NA,NA,NA
"399",NA,NA,NA,"RSRP1","RILPL2",NA,NA,"ATP5MD",NA,NA,NA,NA,NA
"400",NA,NA,NA,"YWHAB","BASP1",NA,NA,"ATP5F1B",NA,NA,NA,NA,NA
"401",NA,NA,NA,"TUBA1A","UQCRH",NA,NA,"CH17-373J23.1",NA,NA,NA,NA,NA
"402",NA,NA,NA,"SET","SP100",NA,NA,"RAB11FIP1",NA,NA,NA,NA,NA
"403",NA,NA,NA,"UXT","DBNL",NA,NA,"CCL4",NA,NA,NA,NA,NA
"404",NA,NA,NA,"IFI16","PMAIP1",NA,NA,"HSPB1",NA,NA,NA,NA,NA
"405",NA,NA,NA,"RHOA","SNX22",NA,NA,"STK17B",NA,NA,NA,NA,NA
"406",NA,NA,NA,"CTSH","STAT6",NA,NA,"SRSF7",NA,NA,NA,NA,NA
"407",NA,NA,NA,"PDLIM2","ZEB2",NA,NA,"PTPN6",NA,NA,NA,NA,NA
"408",NA,NA,NA,"BTK","AC079767.4",NA,NA,"CALM2",NA,NA,NA,NA,NA
"409",NA,NA,NA,"STK4","SCAF11",NA,NA,"ZFP36",NA,NA,NA,NA,NA
"410",NA,NA,NA,"TNFRSF13B","UXT",NA,NA,"HLA-A",NA,NA,NA,NA,NA
"411",NA,NA,NA,"MTPN","STK17B",NA,NA,"LSP1",NA,NA,NA,NA,NA
"412",NA,NA,NA,"ACTR2","SPI1",NA,NA,"PIM2",NA,NA,NA,NA,NA
"413",NA,NA,NA,"C19orf43","SNHG8",NA,NA,"SYPL1",NA,NA,NA,NA,NA
"414",NA,NA,NA,"HDAC1","ITSN2",NA,NA,"PARP1",NA,NA,NA,NA,NA
"415",NA,NA,NA,"SYF2","IFT57",NA,NA,"IER5",NA,NA,NA,NA,NA
"416",NA,NA,NA,"SNHG8","UVRAG",NA,NA,"GSTP1",NA,NA,NA,NA,NA
"417",NA,NA,NA,"C1orf162","C11orf58",NA,NA,"TPM3",NA,NA,NA,NA,NA
"418",NA,NA,NA,"EIF2S3","ZCCHC7",NA,NA,"ANP32B",NA,NA,NA,NA,NA
"419",NA,NA,NA,"BCL2A1","MS4A7",NA,NA,"ATP5MG",NA,NA,NA,NA,NA
"420",NA,NA,NA,"ARHGAP15","CNR2",NA,NA,"MIF",NA,NA,NA,NA,NA
"421",NA,NA,NA,"PMAIP1","ANXA6",NA,NA,"ATP5MC2",NA,NA,NA,NA,NA
"422",NA,NA,NA,"PCSK7","MYL6",NA,NA,"TUBA1B",NA,NA,NA,NA,NA
"423",NA,NA,NA,"UVRAG","UBE2D2",NA,NA,"CCL5",NA,NA,NA,NA,NA
"424",NA,NA,NA,"UBE2N","FOXP1",NA,NA,"IGLL5",NA,NA,NA,NA,NA
"425",NA,NA,NA,"ITSN2","RIPOR2",NA,NA,"ATP5F1E",NA,NA,NA,NA,NA
"426",NA,NA,NA,"RIC3","HDAC1",NA,NA,"SUB1",NA,NA,NA,NA,NA
"427",NA,NA,NA,"LRRFIP1","PNN",NA,NA,"CFL1",NA,NA,NA,NA,NA
"428",NA,NA,NA,"HSP90AA1","PIK3IP1",NA,NA,"MTRNR2L1",NA,NA,NA,NA,NA
"429",NA,NA,NA,"P2RX5","IGKV3-15",NA,NA,"HLA-DQA1",NA,NA,NA,NA,NA
"430",NA,NA,NA,"STAT6","MBD4",NA,NA,"ZFP36L1",NA,NA,NA,NA,NA
"431",NA,NA,NA,"EIF4B","SKAP2",NA,NA,"MT-ND4L",NA,NA,NA,NA,NA
"432",NA,NA,NA,"ARHGEF1","ACP5",NA,NA,"ARPC1B",NA,NA,NA,NA,NA
"433",NA,NA,NA,"TRIM38","CCDC85B",NA,NA,"RP5-887A10.1",NA,NA,NA,NA,NA
"434",NA,NA,NA,"SLC2A3","CCDC115",NA,NA,"MARCKSL1",NA,NA,NA,NA,NA
"435",NA,NA,NA,"ID3","CCR6",NA,NA,"IGLC3",NA,NA,NA,NA,NA
"436",NA,NA,NA,"FAM26F","KMT2E",NA,NA,"SERF2",NA,NA,NA,NA,NA
"437",NA,NA,NA,"SNRPB","SYF2",NA,NA,"IFITM2",NA,NA,NA,NA,NA
"438",NA,NA,NA,"KIAA0226L","DOCK8",NA,NA,"CD83",NA,NA,NA,NA,NA
"439",NA,NA,NA,"KMT2E","IFI44L",NA,NA,"CD24",NA,NA,NA,NA,NA
"440",NA,NA,NA,"CYBB","ARHGEF1",NA,NA,"IGLC2",NA,NA,NA,NA,NA
"441",NA,NA,NA,"CAPG","YWHAB",NA,NA,"HLA-DRB5",NA,NA,NA,NA,NA
"442",NA,NA,NA,"MTRNR2L12","MBNL1",NA,NA,NA,NA,NA,NA,NA,NA
"443",NA,NA,NA,"TRA2B","MYC",NA,NA,NA,NA,NA,NA,NA,NA
"444",NA,NA,NA,"CNBP","C19orf43",NA,NA,NA,NA,NA,NA,NA,NA
"445",NA,NA,NA,"HNRNPU","APBB1IP",NA,NA,NA,NA,NA,NA,NA,NA
"446",NA,NA,NA,"ZCCHC7","CYBB",NA,NA,NA,NA,NA,NA,NA,NA
"447",NA,NA,NA,"COX6C","CLECL1",NA,NA,NA,NA,NA,NA,NA,NA
"448",NA,NA,NA,"PPP1R18","ARHGAP9",NA,NA,NA,NA,NA,NA,NA,NA
"449",NA,NA,NA,"STRBP","IGHG2",NA,NA,NA,NA,NA,NA,NA,NA
"450",NA,NA,NA,"PIK3AP1","UBAC2",NA,NA,NA,NA,NA,NA,NA,NA
"451",NA,NA,NA,"ALOX5AP","POLR2J3",NA,NA,NA,NA,NA,NA,NA,NA
"452",NA,NA,NA,"PPP1R15A","EIF1B",NA,NA,NA,NA,NA,NA,NA,NA
"453",NA,NA,NA,"FADS3","ERP29",NA,NA,NA,NA,NA,NA,NA,NA
"454",NA,NA,NA,"POLR2J3","SLC2A3",NA,NA,NA,NA,NA,NA,NA,NA
"455",NA,NA,NA,"TFEB","RSRP1",NA,NA,NA,NA,NA,NA,NA,NA
"456",NA,NA,NA,"NEIL1","SMC6",NA,NA,NA,NA,NA,NA,NA,NA
"457",NA,NA,NA,"APBB1IP","RP5-887A10.1",NA,NA,NA,NA,NA,NA,NA,NA
"458",NA,NA,NA,"MORF4L1","ANKRD44",NA,NA,NA,NA,NA,NA,NA,NA
"459",NA,NA,NA,"PLD4","GABPB1-AS1",NA,NA,NA,NA,NA,NA,NA,NA
"460",NA,NA,NA,"PNRC2","ABHD14B",NA,NA,NA,NA,NA,NA,NA,NA
"461",NA,NA,NA,"PIK3IP1","ATP5L",NA,NA,NA,NA,NA,NA,NA,NA
"462",NA,NA,NA,"NSA2","CD1C",NA,NA,NA,NA,NA,NA,NA,NA
"463",NA,NA,NA,"ORAI2","FAM26F",NA,NA,NA,NA,NA,NA,NA,NA
"464",NA,NA,NA,"PARP1","BTK",NA,NA,NA,NA,NA,NA,NA,NA
"465",NA,NA,NA,"RIPOR2","ELMSAN1",NA,NA,NA,NA,NA,NA,NA,NA
"466",NA,NA,NA,"EBLN3","ZNF90",NA,NA,NA,NA,NA,NA,NA,NA
"467",NA,NA,NA,"SIGLEC10","TRAPPC1",NA,NA,NA,NA,NA,NA,NA,NA
"468",NA,NA,NA,"WSB1","ARPC5",NA,NA,NA,NA,NA,NA,NA,NA
"469",NA,NA,NA,"BLOC1S2","HOPX",NA,NA,NA,NA,NA,NA,NA,NA
"470",NA,NA,NA,"BCL7A","CDC40",NA,NA,NA,NA,NA,NA,NA,NA
"471",NA,NA,NA,"RALGPS2","ANKRD13A",NA,NA,NA,NA,NA,NA,NA,NA
"472",NA,NA,NA,"TRBC2","JAK1",NA,NA,NA,NA,NA,NA,NA,NA
"473",NA,NA,NA,"HNRNPM","SLC44A2",NA,NA,NA,NA,NA,NA,NA,NA
"474",NA,NA,NA,"PARP15","KYNU",NA,NA,NA,NA,NA,NA,NA,NA
"475",NA,NA,NA,"NFKBID","CDKN2D",NA,NA,NA,NA,NA,NA,NA,NA
"476",NA,NA,NA,"CDCA7L","PDE7A",NA,NA,NA,NA,NA,NA,NA,NA
"477",NA,NA,NA,"FCRL3","AES",NA,NA,NA,NA,NA,NA,NA,NA
"478",NA,NA,NA,"KYNU","EIF2S3",NA,NA,NA,NA,NA,NA,NA,NA
"479",NA,NA,NA,"HNRNPF","C11orf31",NA,NA,NA,NA,NA,NA,NA,NA
"480",NA,NA,NA,"UBE2L6","JMJD1C",NA,NA,NA,NA,NA,NA,NA,NA
"481",NA,NA,NA,"RP11-255M2.3","ARHGAP15",NA,NA,NA,NA,NA,NA,NA,NA
"482",NA,NA,NA,"ALDOA","TUBA1B",NA,NA,NA,NA,NA,NA,NA,NA
"483",NA,NA,NA,"MSN","ARHGAP30",NA,NA,NA,NA,NA,NA,NA,NA
"484",NA,NA,NA,"JAK1","MFSD10",NA,NA,NA,NA,NA,NA,NA,NA
"485",NA,NA,NA,"SARAF","RHOG",NA,NA,NA,NA,NA,NA,NA,NA
"486",NA,NA,NA,"CCND3","WDR1",NA,NA,NA,NA,NA,NA,NA,NA
"487",NA,NA,NA,"RP5-887A10.1","SOD1",NA,NA,NA,NA,NA,NA,NA,NA
"488",NA,NA,NA,"NT5C","PAK2",NA,NA,NA,NA,NA,NA,NA,NA
"489",NA,NA,NA,"ALOX5","RP11-347P5.1",NA,NA,NA,NA,NA,NA,NA,NA
"490",NA,NA,NA,"ENO1","RP11-231C14.7",NA,NA,NA,NA,NA,NA,NA,NA
"491",NA,NA,NA,"HSPA1B","LNPEP",NA,NA,NA,NA,NA,NA,NA,NA
"492",NA,NA,NA,"HMHA1","CBX3",NA,NA,NA,NA,NA,NA,NA,NA
"493",NA,NA,NA,"NFATC1","MED28",NA,NA,NA,NA,NA,NA,NA,NA
"494",NA,NA,NA,"FBL","ENO1",NA,NA,NA,NA,NA,NA,NA,NA
"495",NA,NA,NA,"BASP1","AKAP13",NA,NA,NA,NA,NA,NA,NA,NA
"496",NA,NA,NA,"SUN2","CD86",NA,NA,NA,NA,NA,NA,NA,NA
"497",NA,NA,NA,"UBE2I","CHMP1B",NA,NA,NA,NA,NA,NA,NA,NA
"498",NA,NA,NA,"SESN3","CCND3",NA,NA,NA,NA,NA,NA,NA,NA
"499",NA,NA,NA,"RSL1D1","PSIP1",NA,NA,NA,NA,NA,NA,NA,NA
"500",NA,NA,NA,"PRRC2C","NUP88",NA,NA,NA,NA,NA,NA,NA,NA
"501",NA,NA,NA,"MDM4","TRBC2",NA,NA,NA,NA,NA,NA,NA,NA
"502",NA,NA,NA,"TAF1D","SON",NA,NA,NA,NA,NA,NA,NA,NA
"503",NA,NA,NA,"PPP1CA","SH3BP5",NA,NA,NA,NA,NA,NA,NA,NA
"504",NA,NA,NA,"AKAP9","HLA-DOB",NA,NA,NA,NA,NA,NA,NA,NA
"505",NA,NA,NA,"LRMP","MYH9",NA,NA,NA,NA,NA,NA,NA,NA
"506",NA,NA,NA,"PXK","APRT",NA,NA,NA,NA,NA,NA,NA,NA
"507",NA,NA,NA,"SP140","MEAF6",NA,NA,NA,NA,NA,NA,NA,NA
"508",NA,NA,NA,"MICAL3","TNRC6B",NA,NA,NA,NA,NA,NA,NA,NA
"509",NA,NA,NA,"TCOF1","CR2",NA,NA,NA,NA,NA,NA,NA,NA
"510",NA,NA,NA,"ANP32B","HNRNPA3",NA,NA,NA,NA,NA,NA,NA,NA
"511",NA,NA,NA,"ANKRD13A","WSB1",NA,NA,NA,NA,NA,NA,NA,NA
"512",NA,NA,NA,"TMC8","GMFG",NA,NA,NA,NA,NA,NA,NA,NA
"513",NA,NA,NA,"PARP14","MX2",NA,NA,NA,NA,NA,NA,NA,NA
"514",NA,NA,NA,"MBNL1","IFNGR1",NA,NA,NA,NA,NA,NA,NA,NA
"515",NA,NA,NA,"TSPAN33","RSL1D1",NA,NA,NA,NA,NA,NA,NA,NA
"516",NA,NA,NA,"JMJD1C","RAN",NA,NA,NA,NA,NA,NA,NA,NA
"517",NA,NA,NA,"SLC44A2","ESD",NA,NA,NA,NA,NA,NA,NA,NA
"518",NA,NA,NA,"LGALS9","HNRNPU",NA,NA,NA,NA,NA,NA,NA,NA
"519",NA,NA,NA,"TUBB","PSMA7",NA,NA,NA,NA,NA,NA,NA,NA
"520",NA,NA,NA,"CMTM6","TFEB",NA,NA,NA,NA,NA,NA,NA,NA
"521",NA,NA,NA,"ARHGAP17","ANXA2R",NA,NA,NA,NA,NA,NA,NA,NA
"522",NA,NA,NA,"MBP","HMHA1",NA,NA,NA,NA,NA,NA,NA,NA
"523",NA,NA,NA,"DOCK8","ELF1",NA,NA,NA,NA,NA,NA,NA,NA
"524",NA,NA,NA,"ATP5O","FNBP1",NA,NA,NA,NA,NA,NA,NA,NA
"525",NA,NA,NA,"IL16","EML4",NA,NA,NA,NA,NA,NA,NA,NA
"526",NA,NA,NA,"MYL6","CD47",NA,NA,NA,NA,NA,NA,NA,NA
"527",NA,NA,NA,"TMEM243","SNRPF",NA,NA,NA,NA,NA,NA,NA,NA
"528",NA,NA,NA,"MTSS1","CELF1",NA,NA,NA,NA,NA,NA,NA,NA
"529",NA,NA,NA,"SMC6","ELK4",NA,NA,NA,NA,NA,NA,NA,NA
"530",NA,NA,NA,"STAP1","SRSF3",NA,NA,NA,NA,NA,NA,NA,NA
"531",NA,NA,NA,"WDFY4","RASAL3",NA,NA,NA,NA,NA,NA,NA,NA
"532",NA,NA,NA,"ARHGAP30","IFI16",NA,NA,NA,NA,NA,NA,NA,NA
"533",NA,NA,NA,"ELMSAN1","PSMB8",NA,NA,NA,NA,NA,NA,NA,NA
"534",NA,NA,NA,"TNRC6B","CD44",NA,NA,NA,NA,NA,NA,NA,NA
"535",NA,NA,NA,"HOPX","ETS1",NA,NA,NA,NA,NA,NA,NA,NA
"536",NA,NA,NA,"CHPT1","TCOF1",NA,NA,NA,NA,NA,NA,NA,NA
"537",NA,NA,NA,"MS4A7","PLEKHA2",NA,NA,NA,NA,NA,NA,NA,NA
"538",NA,NA,NA,"LNPEP","UBE2I",NA,NA,NA,NA,NA,NA,NA,NA
"539",NA,NA,NA,"PYCARD","PKM",NA,NA,NA,NA,NA,NA,NA,NA
"540",NA,NA,NA,"RRAS2","ZFP36L2",NA,NA,NA,NA,NA,NA,NA,NA
"541",NA,NA,NA,"C11orf58","EIF4G2",NA,NA,NA,NA,NA,NA,NA,NA
"542",NA,NA,NA,"SRSF3","RIC3",NA,NA,NA,NA,NA,NA,NA,NA
"543",NA,NA,NA,"ORMDL1","BIRC3",NA,NA,NA,NA,NA,NA,NA,NA
"544",NA,NA,NA,"RHOF","PIP4K2A",NA,NA,NA,NA,NA,NA,NA,NA
"545",NA,NA,NA,"RP5-1171I10.5","PPP1CA",NA,NA,NA,NA,NA,NA,NA,NA
"546",NA,NA,NA,"PHF20","TSPYL1",NA,NA,NA,NA,NA,NA,NA,NA
"547",NA,NA,NA,"ELF1","PARP14",NA,NA,NA,NA,NA,NA,NA,NA
"548",NA,NA,NA,"CMPK1","NEIL1",NA,NA,NA,NA,NA,NA,NA,NA
"549",NA,NA,NA,"EIF2A","NSA2",NA,NA,NA,NA,NA,NA,NA,NA
"550",NA,NA,NA,"GNB5","TAF7",NA,NA,NA,NA,NA,NA,NA,NA
"551",NA,NA,NA,"NACA2","ELMO1",NA,NA,NA,NA,NA,NA,NA,NA
"552",NA,NA,NA,"MGEA5","SRRM1",NA,NA,NA,NA,NA,NA,NA,NA
"553",NA,NA,NA,"ROCK1","CTNNBL1",NA,NA,NA,NA,NA,NA,NA,NA
"554",NA,NA,NA,"PLEKHA2","MYLIP",NA,NA,NA,NA,NA,NA,NA,NA
"555",NA,NA,NA,"GMFG","MTMR14",NA,NA,NA,NA,NA,NA,NA,NA
"556",NA,NA,NA,"FGD2","RNPS1",NA,NA,NA,NA,NA,NA,NA,NA
"557",NA,NA,NA,"LSM14A","SASH3",NA,NA,NA,NA,NA,NA,NA,NA
"558",NA,NA,NA,"KHDRBS1","PTGES3",NA,NA,NA,NA,NA,NA,NA,NA
"559",NA,NA,NA,"ARHGAP25","PARP9",NA,NA,NA,NA,NA,NA,NA,NA
"560",NA,NA,NA,"EIF1B","MBP",NA,NA,NA,NA,NA,NA,NA,NA
"561",NA,NA,NA,"TEX264","DDX17",NA,NA,NA,NA,NA,NA,NA,NA
"562",NA,NA,NA,"CDC40","PXK",NA,NA,NA,NA,NA,NA,NA,NA
"563",NA,NA,NA,"EBF1","SMARCB1",NA,NA,NA,NA,NA,NA,NA,NA
"564",NA,NA,NA,"RHOG","ATP5O",NA,NA,NA,NA,NA,NA,NA,NA
"565",NA,NA,NA,"RSL24D1","HIGD2A",NA,NA,NA,NA,NA,NA,NA,NA
"566",NA,NA,NA,"CEPT1","MYCBP2",NA,NA,NA,NA,NA,NA,NA,NA
"567",NA,NA,NA,"PARVG","XPO1",NA,NA,NA,NA,NA,NA,NA,NA
"568",NA,NA,NA,"LRP10","TMEM154",NA,NA,NA,NA,NA,NA,NA,NA
"569",NA,NA,NA,"RAB11FIP1","NUCKS1",NA,NA,NA,NA,NA,NA,NA,NA
"570",NA,NA,NA,"ESD","RUNX3",NA,NA,NA,NA,NA,NA,NA,NA
"571",NA,NA,NA,"ITGB2-AS1","ATP6V0D1",NA,NA,NA,NA,NA,NA,NA,NA
"572",NA,NA,NA,"MYCBP2","EPB41L4A-AS1",NA,NA,NA,NA,NA,NA,NA,NA
"573",NA,NA,NA,"BBX","TNFRSF13B",NA,NA,NA,NA,NA,NA,NA,NA
"574",NA,NA,NA,"USP16","TAF1D",NA,NA,NA,NA,NA,NA,NA,NA
"575",NA,NA,NA,"AIM2","ZNF581",NA,NA,NA,NA,NA,NA,NA,NA
"576",NA,NA,NA,"AES","ARHGAP25",NA,NA,NA,NA,NA,NA,NA,NA
"577",NA,NA,NA,"UBE2D2","SLC25A3",NA,NA,NA,NA,NA,NA,NA,NA
"578",NA,NA,NA,"SASH3","PHTF2",NA,NA,NA,NA,NA,NA,NA,NA
"579",NA,NA,NA,"TRAPPC1","ORAI2",NA,NA,NA,NA,NA,NA,NA,NA
"580",NA,NA,NA,"NCL","PPP1R12A",NA,NA,NA,NA,NA,NA,NA,NA
"581",NA,NA,NA,"LPP","SERBP1",NA,NA,NA,NA,NA,NA,NA,NA
"582",NA,NA,NA,"IFI44L","CCDC12",NA,NA,NA,NA,NA,NA,NA,NA
"583",NA,NA,NA,"LTA4H","MOB1A",NA,NA,NA,NA,NA,NA,NA,NA
"584",NA,NA,NA,"TPD52","IKZF1",NA,NA,NA,NA,NA,NA,NA,NA
"585",NA,NA,NA,"PIKFYVE","MYO1G",NA,NA,NA,NA,NA,NA,NA,NA
"586",NA,NA,NA,"SORL1","LPP",NA,NA,NA,NA,NA,NA,NA,NA
"587",NA,NA,NA,"EIF3G","IL27RA",NA,NA,NA,NA,NA,NA,NA,NA
"588",NA,NA,NA,"PDE7A","AP1S2",NA,NA,NA,NA,NA,NA,NA,NA
"589",NA,NA,NA,"SBDS","MGEA5",NA,NA,NA,NA,NA,NA,NA,NA
"590",NA,NA,NA,"SPAG7","ATP2B1",NA,NA,NA,NA,NA,NA,NA,NA
"591",NA,NA,NA,"ABRACL","EBF1",NA,NA,NA,NA,NA,NA,NA,NA
"592",NA,NA,NA,"PKM","DUT",NA,NA,NA,NA,NA,NA,NA,NA
"593",NA,NA,NA,"RP11-386I14.4","COX6B1",NA,NA,NA,NA,NA,NA,NA,NA
"594",NA,NA,NA,"MRPS36","ORMDL1",NA,NA,NA,NA,NA,NA,NA,NA
"595",NA,NA,NA,"MRPL54","LDHB",NA,NA,NA,NA,NA,NA,NA,NA
"596",NA,NA,NA,"SFPQ","SUN2",NA,NA,NA,NA,NA,NA,NA,NA
"597",NA,NA,NA,"UBAC2","ARL4A",NA,NA,NA,NA,NA,NA,NA,NA
"598",NA,NA,NA,"IFT57","CRLF3",NA,NA,NA,NA,NA,NA,NA,NA
"599",NA,NA,NA,"CCDC12","SRSF1",NA,NA,NA,NA,NA,NA,NA,NA
"600",NA,NA,NA,"RNF167","AIDA",NA,NA,NA,NA,NA,NA,NA,NA
"601",NA,NA,NA,"PSIP1","PPP1R15A",NA,NA,NA,NA,NA,NA,NA,NA
"602",NA,NA,NA,"NIN","IL16",NA,NA,NA,NA,NA,NA,NA,NA
"603",NA,NA,NA,"RILPL2","SERPINB1",NA,NA,NA,NA,NA,NA,NA,NA
"604",NA,NA,NA,"ITGB2","NUB1",NA,NA,NA,NA,NA,NA,NA,NA
"605",NA,NA,NA,"C14orf2","AIM2",NA,NA,NA,NA,NA,NA,NA,NA
"606",NA,NA,NA,"CCNG2","TOMM20",NA,NA,NA,NA,NA,NA,NA,NA
"607",NA,NA,NA,"WIPF1","IGHG3",NA,NA,NA,NA,NA,NA,NA,NA
"608",NA,NA,NA,"LUC7L3","RBM38",NA,NA,NA,NA,NA,NA,NA,NA
"609",NA,NA,NA,"MAP4K4","LGALS9",NA,NA,NA,NA,NA,NA,NA,NA
"610",NA,NA,NA,"TMEM123","PRRC2C",NA,NA,NA,NA,NA,NA,NA,NA
"611",NA,NA,NA,"SNRPF","STRBP",NA,NA,NA,NA,NA,NA,NA,NA
"612",NA,NA,NA,"IL2RG","TIPIN",NA,NA,NA,NA,NA,NA,NA,NA
"613",NA,NA,NA,"MYLIP","MORF4L1",NA,NA,NA,NA,NA,NA,NA,NA
"614",NA,NA,NA,"CDKN2D","TRA2A",NA,NA,NA,NA,NA,NA,NA,NA
"615",NA,NA,NA,"RBM38","LAPTM4A",NA,NA,NA,NA,NA,NA,NA,NA
"616",NA,NA,NA,"CAT","LSM14A",NA,NA,NA,NA,NA,NA,NA,NA
"617",NA,NA,NA,"PSMA3-AS1","IER5",NA,NA,NA,NA,NA,NA,NA,NA
"618",NA,NA,NA,"ETS1","ZDHHC21",NA,NA,NA,NA,NA,NA,NA,NA
"619",NA,NA,NA,"PIP4K2A","WIPF1",NA,NA,NA,NA,NA,NA,NA,NA
"620",NA,NA,NA,"MYC","IGHGP",NA,NA,NA,NA,NA,NA,NA,NA
"621",NA,NA,NA,"SMARCB1","PTPN18",NA,NA,NA,NA,NA,NA,NA,NA
"622",NA,NA,NA,"WAS","ALDOA",NA,NA,NA,NA,NA,NA,NA,NA
"623",NA,NA,NA,"RAB4B","TMEM123",NA,NA,NA,NA,NA,NA,NA,NA
"624",NA,NA,NA,"CHMP1B","ST3GAL1",NA,NA,NA,NA,NA,NA,NA,NA
"625",NA,NA,NA,"ADGRE5","GIT2",NA,NA,NA,NA,NA,NA,NA,NA
"626",NA,NA,NA,"KIAA1033","SMDT1",NA,NA,NA,NA,NA,NA,NA,NA
"627",NA,NA,NA,"SRRM1","SLC25A5",NA,NA,NA,NA,NA,NA,NA,NA
"628",NA,NA,NA,"SFT2D1","ZRANB2",NA,NA,NA,NA,NA,NA,NA,NA
"629",NA,NA,NA,"EAF2","METTL21A",NA,NA,NA,NA,NA,NA,NA,NA
"630",NA,NA,NA,"SNX29","LRP10",NA,NA,NA,NA,NA,NA,NA,NA
"631",NA,NA,NA,"EIF3M","RP5-1171I10.5",NA,NA,NA,NA,NA,NA,NA,NA
"632",NA,NA,NA,"PCM1","TBCA",NA,NA,NA,NA,NA,NA,NA,NA
"633",NA,NA,NA,"GPR183","IMPDH2",NA,NA,NA,NA,NA,NA,NA,NA
"634",NA,NA,NA,"LSM5","MACF1",NA,NA,NA,NA,NA,NA,NA,NA
"635",NA,NA,NA,"SERBP1","AP1B1",NA,NA,NA,NA,NA,NA,NA,NA
"636",NA,NA,NA,"ITM2B","MAP4K4",NA,NA,NA,NA,NA,NA,NA,NA
"637",NA,NA,NA,"CCS","LAMTOR1",NA,NA,NA,NA,NA,NA,NA,NA
"638",NA,NA,NA,"ARHGAP9","ADD3",NA,NA,NA,NA,NA,NA,NA,NA
"639",NA,NA,NA,"PDAP1","TAPBP",NA,NA,NA,NA,NA,NA,NA,NA
"640",NA,NA,NA,"EIF4G2","CDC42SE2",NA,NA,NA,NA,NA,NA,NA,NA
"641",NA,NA,NA,"ERP44","PLEKHJ1",NA,NA,NA,NA,NA,NA,NA,NA
"642",NA,NA,NA,"RAD23A","ADK",NA,NA,NA,NA,NA,NA,NA,NA
"643",NA,NA,NA,"FNIP1","NR4A2",NA,NA,NA,NA,NA,NA,NA,NA
"644",NA,NA,NA,"ARL2BP","EIF3G",NA,NA,NA,NA,NA,NA,NA,NA
"645",NA,NA,NA,"ADD3","DDX24",NA,NA,NA,NA,NA,NA,NA,NA
"646",NA,NA,NA,"ABHD14B","TRBC1",NA,NA,NA,NA,NA,NA,NA,NA
"647",NA,NA,NA,"SNRPC","HNRNPH3",NA,NA,NA,NA,NA,NA,NA,NA
"648",NA,NA,NA,"FAM96A","DCTPP1",NA,NA,NA,NA,NA,NA,NA,NA
"649",NA,NA,NA,"VDAC2","EIF3M",NA,NA,NA,NA,NA,NA,NA,NA
"650",NA,NA,NA,"HNRNPA1L2","GNB5",NA,NA,NA,NA,NA,NA,NA,NA
"651",NA,NA,NA,"SH3KBP1","CD81",NA,NA,NA,NA,NA,NA,NA,NA
"652",NA,NA,NA,"METTL23","TBCB",NA,NA,NA,NA,NA,NA,NA,NA
"653",NA,NA,NA,"PPP2R5C","USP15",NA,NA,NA,NA,NA,NA,NA,NA
"654",NA,NA,NA,"RABEP2","SNRPE",NA,NA,NA,NA,NA,NA,NA,NA
"655",NA,NA,NA,"APRT","MTSS1",NA,NA,NA,NA,NA,NA,NA,NA
"656",NA,NA,NA,"ECHS1","ENSA",NA,NA,NA,NA,NA,NA,NA,NA
"657",NA,NA,NA,"CNTRL","BANF1",NA,NA,NA,NA,NA,NA,NA,NA
"658",NA,NA,NA,"TIPIN","ATF6B",NA,NA,NA,NA,NA,NA,NA,NA
"659",NA,NA,NA,"STAT1","NSMCE3",NA,NA,NA,NA,NA,NA,NA,NA
"660",NA,NA,NA,"FOSB","PHF20",NA,NA,NA,NA,NA,NA,NA,NA
"661",NA,NA,NA,"CHMP4A","POLD4",NA,NA,NA,NA,NA,NA,NA,NA
"662",NA,NA,NA,"PPP1R7","RNF167",NA,NA,NA,NA,NA,NA,NA,NA
"663",NA,NA,NA,"CCDC69","ITGB1",NA,NA,NA,NA,NA,NA,NA,NA
"664",NA,NA,NA,"NUP88","NIPA2",NA,NA,NA,NA,NA,NA,NA,NA
"665",NA,NA,NA,"SETX","PARVG",NA,NA,NA,NA,NA,NA,NA,NA
"666",NA,NA,NA,"CWC15","SIT1",NA,NA,NA,NA,NA,NA,NA,NA
"667",NA,NA,NA,"HNRNPA3","TNIP2",NA,NA,NA,NA,NA,NA,NA,NA
"668",NA,NA,NA,"PSMB4","C14orf2",NA,NA,NA,NA,NA,NA,NA,NA
"669",NA,NA,NA,"CH17-189H20.1","SAP18",NA,NA,NA,NA,NA,NA,NA,NA
"670",NA,NA,NA,"PPM1G","CREB1",NA,NA,NA,NA,NA,NA,NA,NA
"671",NA,NA,NA,"PSMF1","HIF1A",NA,NA,NA,NA,NA,NA,NA,NA
"672",NA,NA,NA,"DNAJB1","DOCK2",NA,NA,NA,NA,NA,NA,NA,NA
"673",NA,NA,NA,"XRCC6","CHPT1",NA,NA,NA,NA,NA,NA,NA,NA
"674",NA,NA,NA,"HLA-F","DDX6",NA,NA,NA,NA,NA,NA,NA,NA
"675",NA,NA,NA,"SAP30BP","CAT",NA,NA,NA,NA,NA,NA,NA,NA
"676",NA,NA,NA,"CELF2","CNTRL",NA,NA,NA,NA,NA,NA,NA,NA
"677",NA,NA,NA,"SEPT1","ITGB2-AS1",NA,NA,NA,NA,NA,NA,NA,NA
"678",NA,NA,NA,"TTC3","CHD1",NA,NA,NA,NA,NA,NA,NA,NA
"679",NA,NA,NA,"STRAP","PCM1",NA,NA,NA,NA,NA,NA,NA,NA
"680",NA,NA,NA,"METTL9","KIAA1551",NA,NA,NA,NA,NA,NA,NA,NA
"681",NA,NA,NA,"PPM1K","AMFR",NA,NA,NA,NA,NA,NA,NA,NA
"682",NA,NA,NA,"IDI1","SHOC2",NA,NA,NA,NA,NA,NA,NA,NA
"683",NA,NA,NA,"CD86","IDS",NA,NA,NA,NA,NA,NA,NA,NA
"684",NA,NA,NA,"CCDC115","CKLF",NA,NA,NA,NA,NA,NA,NA,NA
"685",NA,NA,NA,"AKAP13","ABI1",NA,NA,NA,NA,NA,NA,NA,NA
"686",NA,NA,NA,"RAN","SETX",NA,NA,NA,NA,NA,NA,NA,NA
"687",NA,NA,NA,"RNPS1","HNRNPM",NA,NA,NA,NA,NA,NA,NA,NA
"688",NA,NA,NA,"YTHDF2","ERICH1",NA,NA,NA,NA,NA,NA,NA,NA
"689",NA,NA,NA,"NCKAP1L","TRA2B",NA,NA,NA,NA,NA,NA,NA,NA
"690",NA,NA,NA,"BCL2","PRPF38B",NA,NA,NA,NA,NA,NA,NA,NA
"691",NA,NA,NA,"ZNF581","RAP1B",NA,NA,NA,NA,NA,NA,NA,NA
"692",NA,NA,NA,"UQCRH","CAMK1D",NA,NA,NA,NA,NA,NA,NA,NA
"693",NA,NA,NA,"IER5","MRPS18B",NA,NA,NA,NA,NA,NA,NA,NA
"694",NA,NA,NA,"LYPLAL1","LTA4H",NA,NA,NA,NA,NA,NA,NA,NA
"695",NA,NA,NA,"TRIR","SDHC",NA,NA,NA,NA,NA,NA,NA,NA
"696",NA,NA,NA,"ARID5A","PGLS",NA,NA,NA,NA,NA,NA,NA,NA
"697",NA,NA,NA,"SEP15","BLOC1S4",NA,NA,NA,NA,NA,NA,NA,NA
"698",NA,NA,NA,"CHURC1","WAS",NA,NA,NA,NA,NA,NA,NA,NA
"699",NA,NA,NA,"BRD2","EID1",NA,NA,NA,NA,NA,NA,NA,NA
"700",NA,NA,NA,"DDX17","PCNP",NA,NA,NA,NA,NA,NA,NA,NA
"701",NA,NA,NA,"MTF2","XRCC6",NA,NA,NA,NA,NA,NA,NA,NA
"702",NA,NA,NA,"TMX1","MALT1",NA,NA,NA,NA,NA,NA,NA,NA
"703",NA,NA,NA,"ZDHHC21","ARHGEF2",NA,NA,NA,NA,NA,NA,NA,NA
"704",NA,NA,NA,"SNRPE","ANXA7",NA,NA,NA,NA,NA,NA,NA,NA
"705",NA,NA,NA,"SOD1","PLD4",NA,NA,NA,NA,NA,NA,NA,NA
"706",NA,NA,NA,"MOB1A","SP140",NA,NA,NA,NA,NA,NA,NA,NA
"707",NA,NA,NA,"TSPAN3","FADS3",NA,NA,NA,NA,NA,NA,NA,NA
"708",NA,NA,NA,"SPSB3","OSGEP",NA,NA,NA,NA,NA,NA,NA,NA
"709",NA,NA,NA,"BCAP31","LUC7L3",NA,NA,NA,NA,NA,NA,NA,NA
"710",NA,NA,NA,"ELK4","UBE2A",NA,NA,NA,NA,NA,NA,NA,NA
"711",NA,NA,NA,"SPI1","LYRM4",NA,NA,NA,NA,NA,NA,NA,NA
"712",NA,NA,NA,"HADHA","GSTK1",NA,NA,NA,NA,NA,NA,NA,NA
"713",NA,NA,NA,"SIT1","PAN3",NA,NA,NA,NA,NA,NA,NA,NA
"714",NA,NA,NA,"LAMTOR4","RALGPS2",NA,NA,NA,NA,NA,NA,NA,NA
"715",NA,NA,NA,"PSMD13","COX5B",NA,NA,NA,NA,NA,NA,NA,NA
"716",NA,NA,NA,"RP1-313I6.12","HMGA1",NA,NA,NA,NA,NA,NA,NA,NA
"717",NA,NA,NA,"DCLRE1C","PPM1G",NA,NA,NA,NA,NA,NA,NA,NA
"718",NA,NA,NA,"CAMK2D","RBM17",NA,NA,NA,NA,NA,NA,NA,NA
"719",NA,NA,NA,"SEL1L3","FCRL2",NA,NA,NA,NA,NA,NA,NA,NA
"720",NA,NA,NA,"CNIH1","MRPS6",NA,NA,NA,NA,NA,NA,NA,NA
"721",NA,NA,NA,"P2RY10","ROCK1",NA,NA,NA,NA,NA,NA,NA,NA
"722",NA,NA,NA,"CAPZA1","AL928768.3",NA,NA,NA,NA,NA,NA,NA,NA
"723",NA,NA,NA,"ENTPD1","KHDRBS1",NA,NA,NA,NA,NA,NA,NA,NA
"724",NA,NA,NA,"FAM60A","FLI1",NA,NA,NA,NA,NA,NA,NA,NA
"725",NA,NA,NA,"RFX5","LHPP",NA,NA,NA,NA,NA,NA,NA,NA
"726",NA,NA,NA,"TUBA4A","RP11-255M2.3",NA,NA,NA,NA,NA,NA,NA,NA
"727",NA,NA,NA,"PRDM2","ARL5A",NA,NA,NA,NA,NA,NA,NA,NA
"728",NA,NA,NA,"RAB8A","ANP32A",NA,NA,NA,NA,NA,NA,NA,NA
"729",NA,NA,NA,"TRIM56","ERAP2",NA,NA,NA,NA,NA,NA,NA,NA
"730",NA,NA,NA,"DHPS","ARHGAP4",NA,NA,NA,NA,NA,NA,NA,NA
"731",NA,NA,NA,"CD180","TAGAP",NA,NA,NA,NA,NA,NA,NA,NA
"732",NA,NA,NA,"CD44","ORAI1",NA,NA,NA,NA,NA,NA,NA,NA
"733",NA,NA,NA,"ARL4A","NFATC1",NA,NA,NA,NA,NA,NA,NA,NA
"734",NA,NA,NA,"ARPC5L","MICAL3",NA,NA,NA,NA,NA,NA,NA,NA
"735",NA,NA,NA,"EML4","VDAC2",NA,NA,NA,NA,NA,NA,NA,NA
"736",NA,NA,NA,"ATP5D","NCKAP1L",NA,NA,NA,NA,NA,NA,NA,NA
"737",NA,NA,NA,"BUD31","C9orf78",NA,NA,NA,NA,NA,NA,NA,NA
"738",NA,NA,NA,"RBM17","SRSF2",NA,NA,NA,NA,NA,NA,NA,NA
"739",NA,NA,NA,"SELENOH","GCC2",NA,NA,NA,NA,NA,NA,NA,NA
"740",NA,NA,NA,"EPC1","TMEM243",NA,NA,NA,NA,NA,NA,NA,NA
"741",NA,NA,NA,"RNH1","CCNG2",NA,NA,NA,NA,NA,NA,NA,NA
"742",NA,NA,NA,"MIEN1","SRP9",NA,NA,NA,NA,NA,NA,NA,NA
"743",NA,NA,NA,"EGLN2","ARF5",NA,NA,NA,NA,NA,NA,NA,NA
"744",NA,NA,NA,"LSM10","MCM5",NA,NA,NA,NA,NA,NA,NA,NA
"745",NA,NA,NA,"ST3GAL1","SKIL",NA,NA,NA,NA,NA,NA,NA,NA
"746",NA,NA,NA,"RP11-166O4.6","NIPBL",NA,NA,NA,NA,NA,NA,NA,NA
"747",NA,NA,NA,"IKZF3","COX6C",NA,NA,NA,NA,NA,NA,NA,NA
"748",NA,NA,NA,"TBCA","PHB",NA,NA,NA,NA,NA,NA,NA,NA
"749",NA,NA,NA,"ZEB2","SVBP",NA,NA,NA,NA,NA,NA,NA,NA
"750",NA,NA,NA,"CHD7","NFKBID",NA,NA,NA,NA,NA,NA,NA,NA
"751",NA,NA,NA,"ERICH1","CLEC2D",NA,NA,NA,NA,NA,NA,NA,NA
"752",NA,NA,NA,"PDCD4","NCOR1",NA,NA,NA,NA,NA,NA,NA,NA
"753",NA,NA,NA,"ACP5","PPP3CC",NA,NA,NA,NA,NA,NA,NA,NA
"754",NA,NA,NA,"EPB41L4A-AS1","RAB11FIP1",NA,NA,NA,NA,NA,NA,NA,NA
"755",NA,NA,NA,"EMC10","BIN2",NA,NA,NA,NA,NA,NA,NA,NA
"756",NA,NA,NA,"HIGD2A","MGAT4A",NA,NA,NA,NA,NA,NA,NA,NA
"757",NA,NA,NA,"CERS4","OGG1",NA,NA,NA,NA,NA,NA,NA,NA
"758",NA,NA,NA,"BAZ1A","TCF4",NA,NA,NA,NA,NA,NA,NA,NA
"759",NA,NA,NA,"SYS1","SCP2",NA,NA,NA,NA,NA,NA,NA,NA
"760",NA,NA,NA,"POLM","DDX21",NA,NA,NA,NA,NA,NA,NA,NA
"761",NA,NA,NA,"IQGAP1","RAB5C",NA,NA,NA,NA,NA,NA,NA,NA
"762",NA,NA,NA,"FAM32A","CCDC109B",NA,NA,NA,NA,NA,NA,NA,NA
"763",NA,NA,NA,"CCNL1","DENND3",NA,NA,NA,NA,NA,NA,NA,NA
"764",NA,NA,NA,"CELF1","CH17-373J23.1",NA,NA,NA,NA,NA,NA,NA,NA
"765",NA,NA,NA,"CHMP7","CCNB1IP1",NA,NA,NA,NA,NA,NA,NA,NA
"766",NA,NA,NA,"MITD1","NHP2",NA,NA,NA,NA,NA,NA,NA,NA
"767",NA,NA,NA,"TCF25","SCAF4",NA,NA,NA,NA,NA,NA,NA,NA
"768",NA,NA,NA,"CAMK1D","MZT2B",NA,NA,NA,NA,NA,NA,NA,NA
"769",NA,NA,NA,"MTMR14","HADHA",NA,NA,NA,NA,NA,NA,NA,NA
"770",NA,NA,NA,"FCGR2B","LST1",NA,NA,NA,NA,NA,NA,NA,NA
"771",NA,NA,NA,"SSBP2","NMI",NA,NA,NA,NA,NA,NA,NA,NA
"772",NA,NA,NA,"ACO2","SMS",NA,NA,NA,NA,NA,NA,NA,NA
"773",NA,NA,NA,"CCDC109B","PPM1K",NA,NA,NA,NA,NA,NA,NA,NA
"774",NA,NA,NA,"DRAP1","MTF2",NA,NA,NA,NA,NA,NA,NA,NA
"775",NA,NA,NA,"SCPEP1","ARHGAP45",NA,NA,NA,NA,NA,NA,NA,NA
"776",NA,NA,NA,"BLNK","ZNF207",NA,NA,NA,NA,NA,NA,NA,NA
"777",NA,NA,NA,"GSTO1","GTF3C6",NA,NA,NA,NA,NA,NA,NA,NA
"778",NA,NA,NA,"SSBP4","TTC19",NA,NA,NA,NA,NA,NA,NA,NA
"779",NA,NA,NA,"NUDT4","XAF1",NA,NA,NA,NA,NA,NA,NA,NA
"780",NA,NA,NA,"POLR2J","PHF3",NA,NA,NA,NA,NA,NA,NA,NA
"781",NA,NA,NA,"ATF6B","ZBTB20",NA,NA,NA,NA,NA,NA,NA,NA
"782",NA,NA,NA,"SLC25A37","CALM1",NA,NA,NA,NA,NA,NA,NA,NA
"783",NA,NA,NA,"PCBP1","HNRNPR",NA,NA,NA,NA,NA,NA,NA,NA
"784",NA,NA,NA,"AKNA","ABI3",NA,NA,NA,NA,NA,NA,NA,NA
"785",NA,NA,NA,"KDM4B","PRDM2",NA,NA,NA,NA,NA,NA,NA,NA
"786",NA,NA,NA,"SCAND1","PPP2CA",NA,NA,NA,NA,NA,NA,NA,NA
"787",NA,NA,NA,"MCM5","RRAS2",NA,NA,NA,NA,NA,NA,NA,NA
"788",NA,NA,NA,"TXN2","RAD21",NA,NA,NA,NA,NA,NA,NA,NA
"789",NA,NA,NA,"LDHB","MAP3K8",NA,NA,NA,NA,NA,NA,NA,NA
"790",NA,NA,NA,"SNHG25","RAB29",NA,NA,NA,NA,NA,NA,NA,NA
"791",NA,NA,NA,"RASAL3","RNF10",NA,NA,NA,NA,NA,NA,NA,NA
"792",NA,NA,NA,"FAM107B","HADHB",NA,NA,NA,NA,NA,NA,NA,NA
"793",NA,NA,NA,"RBM23","METTL8",NA,NA,NA,NA,NA,NA,NA,NA
"794",NA,NA,NA,"ERV3-1","PDCD6",NA,NA,NA,NA,NA,NA,NA,NA
"795",NA,NA,NA,"TM2D1","PDCD4",NA,NA,NA,NA,NA,NA,NA,NA
"796",NA,NA,NA,"MAD1L1","PKN1",NA,NA,NA,NA,NA,NA,NA,NA
"797",NA,NA,NA,"NDUFA12","CBX5",NA,NA,NA,NA,NA,NA,NA,NA
"798",NA,NA,NA,"RBBP6","EBLN3",NA,NA,NA,NA,NA,NA,NA,NA
"799",NA,NA,NA,"TAP1","RPA2",NA,NA,NA,NA,NA,NA,NA,NA
"800",NA,NA,NA,"CARD16","UBE2L6",NA,NA,NA,NA,NA,NA,NA,NA
"801",NA,NA,NA,"IKZF1","MYO1F",NA,NA,NA,NA,NA,NA,NA,NA
"802",NA,NA,NA,"NUTF2","DPY30",NA,NA,NA,NA,NA,NA,NA,NA
"803",NA,NA,NA,"HSPD1","EGLN2",NA,NA,NA,NA,NA,NA,NA,NA
"804",NA,NA,NA,"PLEKHO1","MAD1L1",NA,NA,NA,NA,NA,NA,NA,NA
"805",NA,NA,NA,"UBE2L3","PGK1",NA,NA,NA,NA,NA,NA,NA,NA
"806",NA,NA,NA,"TMEM261","POLR2B",NA,NA,NA,NA,NA,NA,NA,NA
"807",NA,NA,NA,"PGLS","H2AFY",NA,NA,NA,NA,NA,NA,NA,NA
"808",NA,NA,NA,"IFNGR1","RNMT",NA,NA,NA,NA,NA,NA,NA,NA
"809",NA,NA,NA,"TUBA1B","LDLRAD4",NA,NA,NA,NA,NA,NA,NA,NA
"810",NA,NA,NA,"PPCS","C19orf53",NA,NA,NA,NA,NA,NA,NA,NA
"811",NA,NA,NA,"USP15","TBC1D22A",NA,NA,NA,NA,NA,NA,NA,NA
"812",NA,NA,NA,"OTUB1","TLE3",NA,NA,NA,NA,NA,NA,NA,NA
"813",NA,NA,NA,"NDE1","PARP1",NA,NA,NA,NA,NA,NA,NA,NA
"814",NA,NA,NA,"PGK1","BLOC1S1",NA,NA,NA,NA,NA,NA,NA,NA
"815",NA,NA,NA,"ATP2B1","XRCC5",NA,NA,NA,NA,NA,NA,NA,NA
"816",NA,NA,NA,"ADK","CHMP4A",NA,NA,NA,NA,NA,NA,NA,NA
"817",NA,NA,NA,"COPS6","UHMK1",NA,NA,NA,NA,NA,NA,NA,NA
"818",NA,NA,NA,"SKIL","PTDSS1",NA,NA,NA,NA,NA,NA,NA,NA
"819",NA,NA,NA,"SYK","TWF2",NA,NA,NA,NA,NA,NA,NA,NA
"820",NA,NA,NA,"GCC2","TPP1",NA,NA,NA,NA,NA,NA,NA,NA
"821",NA,NA,NA,"GIT2","ZYX",NA,NA,NA,NA,NA,NA,NA,NA
"822",NA,NA,NA,"PTPN1","NIN",NA,NA,NA,NA,NA,NA,NA,NA
"823",NA,NA,NA,"PTPN2","DNAJB1",NA,NA,NA,NA,NA,NA,NA,NA
"824",NA,NA,NA,"RAD23B","LYPLAL1",NA,NA,NA,NA,NA,NA,NA,NA
"825",NA,NA,NA,"SRSF4","CD55",NA,NA,NA,NA,NA,NA,NA,NA
"826",NA,NA,NA,"DENND1C","SARAF",NA,NA,NA,NA,NA,NA,NA,NA
"827",NA,NA,NA,"WASF2","SEPT1",NA,NA,NA,NA,NA,NA,NA,NA
"828",NA,NA,NA,"SMDT1","UBA7",NA,NA,NA,NA,NA,NA,NA,NA
"829",NA,NA,NA,"EIF2AK2","PSMC6",NA,NA,NA,NA,NA,NA,NA,NA
"830",NA,NA,NA,"NIPA2","ERP44",NA,NA,NA,NA,NA,NA,NA,NA
"831",NA,NA,NA,"SECISBP2","FMNL1",NA,NA,NA,NA,NA,NA,NA,NA
"832",NA,NA,NA,"NCF4","USP1",NA,NA,NA,NA,NA,NA,NA,NA
"833",NA,NA,NA,"SH3BP5","GTF2H5",NA,NA,NA,NA,NA,NA,NA,NA
"834",NA,NA,NA,"PRDX6","CNOT2",NA,NA,NA,NA,NA,NA,NA,NA
"835",NA,NA,NA,"RPS6KA1","IKZF3",NA,NA,NA,NA,NA,NA,NA,NA
"836",NA,NA,NA,"RFTN1","EAPP",NA,NA,NA,NA,NA,NA,NA,NA
"837",NA,NA,NA,"UFC1","ARID5B",NA,NA,NA,NA,NA,NA,NA,NA
"838",NA,NA,NA,"EID1","RPS6KA1",NA,NA,NA,NA,NA,NA,NA,NA
"839",NA,NA,NA,"SMIM19","HLA-F",NA,NA,NA,NA,NA,NA,NA,NA
"840",NA,NA,NA,"DDX27","COX7A2L",NA,NA,NA,NA,NA,NA,NA,NA
"841",NA,NA,NA,"ODC1","CXCR5",NA,NA,NA,NA,NA,NA,NA,NA
"842",NA,NA,NA,"TCF4","CAPZA1",NA,NA,NA,NA,NA,NA,NA,NA
"843",NA,NA,NA,"ZC3H15","MDH1",NA,NA,NA,NA,NA,NA,NA,NA
"844",NA,NA,NA,"OCIAD1","SUCLG2",NA,NA,NA,NA,NA,NA,NA,NA
"845",NA,NA,NA,"TAPBP","ACAP2",NA,NA,NA,NA,NA,NA,NA,NA
"846",NA,NA,NA,"EIF1AX","CMPK1",NA,NA,NA,NA,NA,NA,NA,NA
"847",NA,NA,NA,"ATP6AP2","CCT3",NA,NA,NA,NA,NA,NA,NA,NA
"848",NA,NA,NA,"KTN1","ZNF791",NA,NA,NA,NA,NA,NA,NA,NA
"849",NA,NA,NA,"PTPN18","APPL1",NA,NA,NA,NA,NA,NA,NA,NA
"850",NA,NA,NA,"NCOR1","SMAP2",NA,NA,NA,NA,NA,NA,NA,NA
"851",NA,NA,NA,"CBX3","BCL7A",NA,NA,NA,NA,NA,NA,NA,NA
"852",NA,NA,NA,"AIDA","DDX27",NA,NA,NA,NA,NA,NA,NA,NA
"853",NA,NA,NA,"FAM204A","RBM8A",NA,NA,NA,NA,NA,NA,NA,NA
"854",NA,NA,NA,"TSPYL1","CPNE1",NA,NA,NA,NA,NA,NA,NA,NA
"855",NA,NA,NA,"NR4A2","OSTF1",NA,NA,NA,NA,NA,NA,NA,NA
"856",NA,NA,NA,"NDUFA5","ZC3H13",NA,NA,NA,NA,NA,NA,NA,NA
"857",NA,NA,NA,"ELMO1","GZMA",NA,NA,NA,NA,NA,NA,NA,NA
"858",NA,NA,NA,"AP1B1","C19orf66",NA,NA,NA,NA,NA,NA,NA,NA
"859",NA,NA,NA,"TTC19","EIF2A",NA,NA,NA,NA,NA,NA,NA,NA
"860",NA,NA,NA,"SMIM7","CSNK1D",NA,NA,NA,NA,NA,NA,NA,NA
"861",NA,NA,NA,"RSBN1L","METTL23",NA,NA,NA,NA,NA,NA,NA,NA
"862",NA,NA,NA,"DAPP1","BRIX1",NA,NA,NA,NA,NA,NA,NA,NA
"863",NA,NA,NA,"BLCAP","ARID1B",NA,NA,NA,NA,NA,NA,NA,NA
"864",NA,NA,NA,"ATM","CTSH",NA,NA,NA,NA,NA,NA,NA,NA
"865",NA,NA,NA,"SUPT4H1","SSH2",NA,NA,NA,NA,NA,NA,NA,NA
"866",NA,NA,NA,"DDX21","CWF19L2",NA,NA,NA,NA,NA,NA,NA,NA
"867",NA,NA,NA,"RNF213","RPIA",NA,NA,NA,NA,NA,NA,NA,NA
"868",NA,NA,NA,"MX2","CCT7",NA,NA,NA,NA,NA,NA,NA,NA
"869",NA,NA,NA,"POLR2E","UGCG",NA,NA,NA,NA,NA,NA,NA,NA
"870",NA,NA,NA,"THRAP3","CDK13",NA,NA,NA,NA,NA,NA,NA,NA
"871",NA,NA,NA,"TAX1BP1","AP1G2",NA,NA,NA,NA,NA,NA,NA,NA
"872",NA,NA,NA,"LAMTOR5","TRIM56",NA,NA,NA,NA,NA,NA,NA,NA
"873",NA,NA,NA,"BTN3A2","CAMLG",NA,NA,NA,NA,NA,NA,NA,NA
"874",NA,NA,NA,"GABPB1","FAM133B",NA,NA,NA,NA,NA,NA,NA,NA
"875",NA,NA,NA,"NDUFB5","MICU2",NA,NA,NA,NA,NA,NA,NA,NA
"876",NA,NA,NA,"ZNF655","C19orf70",NA,NA,NA,NA,NA,NA,NA,NA
"877",NA,NA,NA,"PRPF38B","CYTH1",NA,NA,NA,NA,NA,NA,NA,NA
"878",NA,NA,NA,"AMFR","GPR183",NA,NA,NA,NA,NA,NA,NA,NA
"879",NA,NA,NA,"TAOK3","GPR65",NA,NA,NA,NA,NA,NA,NA,NA
"880",NA,NA,NA,"MRPS18B","BBX",NA,NA,NA,NA,NA,NA,NA,NA
"881",NA,NA,NA,"AP1S2","ARL6IP4",NA,NA,NA,NA,NA,NA,NA,NA
"882",NA,NA,NA,"CTNNBL1","NUP107",NA,NA,NA,NA,NA,NA,NA,NA
"883",NA,NA,NA,"TCP1","TALDO1",NA,NA,NA,NA,NA,NA,NA,NA
"884",NA,NA,NA,"PPP3CA","GLTP",NA,NA,NA,NA,NA,NA,NA,NA
"885",NA,NA,NA,"GPR65","LAMTOR4",NA,NA,NA,NA,NA,NA,NA,NA
"886",NA,NA,NA,"NHLRC3","XRN2",NA,NA,NA,NA,NA,NA,NA,NA
"887",NA,NA,NA,"TALDO1","CERS4",NA,NA,NA,NA,NA,NA,NA,NA
"888",NA,NA,NA,"TRA2A","NEDD8",NA,NA,NA,NA,NA,NA,NA,NA
"889",NA,NA,NA,"ZCCHC11","CELF2",NA,NA,NA,NA,NA,NA,NA,NA
"890",NA,NA,NA,"CLTA","KRR1",NA,NA,NA,NA,NA,NA,NA,NA
"891",NA,NA,NA,"TMC6","SMC3",NA,NA,NA,NA,NA,NA,NA,NA
"892",NA,NA,NA,"NUB1","CTDSP1",NA,NA,NA,NA,NA,NA,NA,NA
"893",NA,NA,NA,"SNRNP27","SNRPG",NA,NA,NA,NA,NA,NA,NA,NA
"894",NA,NA,NA,"MYO1G","UBE2E2",NA,NA,NA,NA,NA,NA,NA,NA
"895",NA,NA,NA,"UBE2V2","YPEL3",NA,NA,NA,NA,NA,NA,NA,NA
"896",NA,NA,NA,"CWF19L2","RAB14",NA,NA,NA,NA,NA,NA,NA,NA
"897",NA,NA,NA,"CRLF3","MRPL9",NA,NA,NA,NA,NA,NA,NA,NA
"898",NA,NA,NA,"TBCC","P2RY8",NA,NA,NA,NA,NA,NA,NA,NA
"899",NA,NA,NA,"RNASE6","NCL",NA,NA,NA,NA,NA,NA,NA,NA
"900",NA,NA,NA,"ILF3-AS1","PHF11",NA,NA,NA,NA,NA,NA,NA,NA
"901",NA,NA,NA,"CLNS1A","RNF114",NA,NA,NA,NA,NA,NA,NA,NA
"902",NA,NA,NA,"SF3B1","GNAI2",NA,NA,NA,NA,NA,NA,NA,NA
"903",NA,NA,NA,"LSM4","RB1",NA,NA,NA,NA,NA,NA,NA,NA
"904",NA,NA,NA,"PCF11","NAAA",NA,NA,NA,NA,NA,NA,NA,NA
"905",NA,NA,NA,"SHOC2","CASP4",NA,NA,NA,NA,NA,NA,NA,NA
"906",NA,NA,NA,"TMEM14B","MAP1LC3B",NA,NA,NA,NA,NA,NA,NA,NA
"907",NA,NA,NA,"NOP58","GPX4",NA,NA,NA,NA,NA,NA,NA,NA
"908",NA,NA,NA,"FCRL2","RICTOR",NA,NA,NA,NA,NA,NA,NA,NA
"909",NA,NA,NA,"CYFIP2","RAB7A",NA,NA,NA,NA,NA,NA,NA,NA
"910",NA,NA,NA,"TLN1","AMD1",NA,NA,NA,NA,NA,NA,NA,NA
"911",NA,NA,NA,"PMF1","PPP2R5C",NA,NA,NA,NA,NA,NA,NA,NA
"912",NA,NA,NA,"TBC1D22A","EMG1",NA,NA,NA,NA,NA,NA,NA,NA
"913",NA,NA,NA,"ATRX","CNPPD1",NA,NA,NA,NA,NA,NA,NA,NA
"914",NA,NA,NA,"NUCKS1","RAB11B",NA,NA,NA,NA,NA,NA,NA,NA
"915",NA,NA,NA,"SHISA5","SET",NA,NA,NA,NA,NA,NA,NA,NA
"916",NA,NA,NA,"ATP5F1","RTF1",NA,NA,NA,NA,NA,NA,NA,NA
"917",NA,NA,NA,"DDX24","FAM60A",NA,NA,NA,NA,NA,NA,NA,NA
"918",NA,NA,NA,"NKTR","SNW1",NA,NA,NA,NA,NA,NA,NA,NA
"919",NA,NA,NA,"CCNB1IP1","ZNF430",NA,NA,NA,NA,NA,NA,NA,NA
"920",NA,NA,NA,"LY6E","MITD1",NA,NA,NA,NA,NA,NA,NA,NA
"921",NA,NA,NA,"NUP107","WDR77",NA,NA,NA,NA,NA,NA,NA,NA
"922",NA,NA,NA,"GSTK1","RACK1",NA,NA,NA,NA,NA,NA,NA,NA
"923",NA,NA,NA,"PRKD3","DHPS",NA,NA,NA,NA,NA,NA,NA,NA
"924",NA,NA,NA,"IFRD1","CGGBP1",NA,NA,NA,NA,NA,NA,NA,NA
"925",NA,NA,NA,"LITAF","RSF1",NA,NA,NA,NA,NA,NA,NA,NA
"926",NA,NA,NA,"MAP4K2","FAM215B",NA,NA,NA,NA,NA,NA,NA,NA
"927",NA,NA,NA,"MAPRE2","BLCAP",NA,NA,NA,NA,NA,NA,NA,NA
"928",NA,NA,NA,"RPA2","POLM",NA,NA,NA,NA,NA,NA,NA,NA
"929",NA,NA,NA,"CYB5R3","CYB5B",NA,NA,NA,NA,NA,NA,NA,NA
"930",NA,NA,NA,"PHB","TXN2",NA,NA,NA,NA,NA,NA,NA,NA
"931",NA,NA,NA,"RANBP1","ATF7IP",NA,NA,NA,NA,NA,NA,NA,NA
"932",NA,NA,NA,"B4GALT1","ARL2BP",NA,NA,NA,NA,NA,NA,NA,NA
"933",NA,NA,NA,"VPS35","APEX1",NA,NA,NA,NA,NA,NA,NA,NA
"934",NA,NA,NA,"C14orf166","B4GALT1",NA,NA,NA,NA,NA,NA,NA,NA
"935",NA,NA,NA,"PPP1R12A","EMB",NA,NA,NA,NA,NA,NA,NA,NA
"936",NA,NA,NA,"SERPINB1","AIMP1",NA,NA,NA,NA,NA,NA,NA,NA
"937",NA,NA,NA,"CCT3","NIFK",NA,NA,NA,NA,NA,NA,NA,NA
"938",NA,NA,NA,"MRPL42","LITAF",NA,NA,NA,NA,NA,NA,NA,NA
"939",NA,NA,NA,"COA1","SFPQ",NA,NA,NA,NA,NA,NA,NA,NA
"940",NA,NA,NA,"HMGA1","STAG2",NA,NA,NA,NA,NA,NA,NA,NA
"941",NA,NA,NA,"DDAH2","DDX3X",NA,NA,NA,NA,NA,NA,NA,NA
"942",NA,NA,NA,"LINC00936","DTNBP1",NA,NA,NA,NA,NA,NA,NA,NA
"943",NA,NA,NA,"CHD1","DDX18",NA,NA,NA,NA,NA,NA,NA,NA
"944",NA,NA,NA,"SDHD","ZNF106",NA,NA,NA,NA,NA,NA,NA,NA
"945",NA,NA,NA,"C16orf74","SLC25A37",NA,NA,NA,NA,NA,NA,NA,NA
"946",NA,NA,NA,"C1orf56","TMEM19",NA,NA,NA,NA,NA,NA,NA,NA
"947",NA,NA,NA,"PAN3","PAPOLA",NA,NA,NA,NA,NA,NA,NA,NA
"948",NA,NA,NA,"ACADM","TMEM156",NA,NA,NA,NA,NA,NA,NA,NA
"949",NA,NA,NA,"TBRG1","NAA50",NA,NA,NA,NA,NA,NA,NA,NA
"950",NA,NA,NA,"COX14","UPF2",NA,NA,NA,NA,NA,NA,NA,NA
"951",NA,NA,NA,"GGNBP2","CMTM7",NA,NA,NA,NA,NA,NA,NA,NA
"952",NA,NA,NA,"IMP3","KIF5B",NA,NA,NA,NA,NA,NA,NA,NA
"953",NA,NA,NA,"UQCR11","CCDC50",NA,NA,NA,NA,NA,NA,NA,NA
"954",NA,NA,NA,"BCAS2","BAZ1A",NA,NA,NA,NA,NA,NA,NA,NA
"955",NA,NA,NA,"FNBP4","PSMC5",NA,NA,NA,NA,NA,NA,NA,NA
"956",NA,NA,NA,"GPX1","BPTF",NA,NA,NA,NA,NA,NA,NA,NA
"957",NA,NA,NA,"ABI3","POLR1D",NA,NA,NA,NA,NA,NA,NA,NA
"958",NA,NA,NA,"PCNP","CH17-189H20.1",NA,NA,NA,NA,NA,NA,NA,NA
"959",NA,NA,NA,"THUMPD3-AS1","FGD2",NA,NA,NA,NA,NA,NA,NA,NA
"960",NA,NA,NA,"SERPINB6","MRPL44",NA,NA,NA,NA,NA,NA,NA,NA
"961",NA,NA,NA,"PSMB8-AS1","TBRG1",NA,NA,NA,NA,NA,NA,NA,NA
"962",NA,NA,NA,"GPX4","CBWD5",NA,NA,NA,NA,NA,NA,NA,NA
"963",NA,NA,NA,"NOP56","MRPL11",NA,NA,NA,NA,NA,NA,NA,NA
"964",NA,NA,NA,"PPP2CA","PPP1R2",NA,NA,NA,NA,NA,NA,NA,NA
"965",NA,NA,NA,"MDH2","PFDN2",NA,NA,NA,NA,NA,NA,NA,NA
"966",NA,NA,NA,"SMARCE1","FOSB",NA,NA,NA,NA,NA,NA,NA,NA
"967",NA,NA,NA,"MAPK1IP1L","HDAC2",NA,NA,NA,NA,NA,NA,NA,NA
"968",NA,NA,NA,"DNAJA1","BUB3",NA,NA,NA,NA,NA,NA,NA,NA
"969",NA,NA,NA,"GCA","NACA2",NA,NA,NA,NA,NA,NA,NA,NA
"970",NA,NA,NA,"LSM6","SNX29",NA,NA,NA,NA,NA,NA,NA,NA
"971",NA,NA,NA,"RB1","SUPT16H",NA,NA,NA,NA,NA,NA,NA,NA
"972",NA,NA,NA,"PHF14","CUL3",NA,NA,NA,NA,NA,NA,NA,NA
"973",NA,NA,NA,"RELT","SYS1",NA,NA,NA,NA,NA,NA,NA,NA
"974",NA,NA,NA,"DDX6","TMC6",NA,NA,NA,NA,NA,NA,NA,NA
"975",NA,NA,NA,"IL27RA","RABGAP1L",NA,NA,NA,NA,NA,NA,NA,NA
"976",NA,NA,NA,"TMEM259","N4BP2L1",NA,NA,NA,NA,NA,NA,NA,NA
"977",NA,NA,NA,"PSMC6","HNRNPA1L2",NA,NA,NA,NA,NA,NA,NA,NA
"978",NA,NA,NA,"FAAP20","FNIP1",NA,NA,NA,NA,NA,NA,NA,NA
"979",NA,NA,NA,"CACYBP","ALG13",NA,NA,NA,NA,NA,NA,NA,NA
"980",NA,NA,NA,"PTGES3","DDX39A",NA,NA,NA,NA,NA,NA,NA,NA
"981",NA,NA,NA,"ARRDC3","FIP1L1",NA,NA,NA,NA,NA,NA,NA,NA
"982",NA,NA,NA,"IDS","IGHA2",NA,NA,NA,NA,NA,NA,NA,NA
"983",NA,NA,NA,"ARL6IP1","SBDS",NA,NA,NA,NA,NA,NA,NA,NA
"984",NA,NA,NA,"DPY30","LCK",NA,NA,NA,NA,NA,NA,NA,NA
"985",NA,NA,NA,"CTSA","ARL6IP6",NA,NA,NA,NA,NA,NA,NA,NA
"986",NA,NA,NA,"COX11","UTRN",NA,NA,NA,NA,NA,NA,NA,NA
"987",NA,NA,NA,"SLC25A3","APH1A",NA,NA,NA,NA,NA,NA,NA,NA
"988",NA,NA,NA,"ZMYM2","LYPLA1",NA,NA,NA,NA,NA,NA,NA,NA
"989",NA,NA,NA,"SP140L","PCBP1",NA,NA,NA,NA,NA,NA,NA,NA
"990",NA,NA,NA,"CSRNP1","CYFIP2",NA,NA,NA,NA,NA,NA,NA,NA
"991",NA,NA,NA,"KIAA1551","TSR2",NA,NA,NA,NA,NA,NA,NA,NA
"992",NA,NA,NA,"SAP18","AKIRIN2",NA,NA,NA,NA,NA,NA,NA,NA
"993",NA,NA,NA,"DAP3","THOC2",NA,NA,NA,NA,NA,NA,NA,NA
"994",NA,NA,NA,"ELOF1","FLOT2",NA,NA,NA,NA,NA,NA,NA,NA
"995",NA,NA,NA,"KIAA0125","KTN1",NA,NA,NA,NA,NA,NA,NA,NA
"996",NA,NA,NA,"COQ7","ICAM3",NA,NA,NA,NA,NA,NA,NA,NA
"997",NA,NA,NA,"ZNF791","SP140L",NA,NA,NA,NA,NA,NA,NA,NA
"998",NA,NA,NA,"YY1","POLR2G",NA,NA,NA,NA,NA,NA,NA,NA
"999",NA,NA,NA,"TANK","DCP2",NA,NA,NA,NA,NA,NA,NA,NA
"1000",NA,NA,NA,"GPBP1","ENY2",NA,NA,NA,NA,NA,NA,NA,NA
"1001",NA,NA,NA,"RICTOR","SCPEP1",NA,NA,NA,NA,NA,NA,NA,NA
"1002",NA,NA,NA,"PSMA7","CDC42SE1",NA,NA,NA,NA,NA,NA,NA,NA
"1003",NA,NA,NA,"PFDN2","THUMPD3-AS1",NA,NA,NA,NA,NA,NA,NA,NA
"1004",NA,NA,NA,"DNAJB6","ADAR",NA,NA,NA,NA,NA,NA,NA,NA
"1005",NA,NA,NA,"C7orf50","WASF2",NA,NA,NA,NA,NA,NA,NA,NA
"1006",NA,NA,NA,"C19orf60","STMN1",NA,NA,NA,NA,NA,NA,NA,NA
"1007",NA,NA,NA,"ZBTB20","GLOD4",NA,NA,NA,NA,NA,NA,NA,NA
"1008",NA,NA,NA,"PHKB","CD180",NA,NA,NA,NA,NA,NA,NA,NA
"1009",NA,NA,NA,"CDC42SE1","TLK1",NA,NA,NA,NA,NA,NA,NA,NA
"1010",NA,NA,NA,"METTL8","ATM",NA,NA,NA,NA,NA,NA,NA,NA
"1011",NA,NA,NA,"CXXC5","SRSF8",NA,NA,NA,NA,NA,NA,NA,NA
"1012",NA,NA,NA,"TIAL1","RBBP4",NA,NA,NA,NA,NA,NA,NA,NA
"1013",NA,NA,NA,"CD47","TAP1",NA,NA,NA,NA,NA,NA,NA,NA
"1014",NA,NA,NA,"TTC1","HP1BP3",NA,NA,NA,NA,NA,NA,NA,NA
"1015",NA,NA,NA,"TSTD1","MDM4",NA,NA,NA,NA,NA,NA,NA,NA
"1016",NA,NA,NA,"APH1A","GLIPR1",NA,NA,NA,NA,NA,NA,NA,NA
"1017",NA,NA,NA,"GLRX3","PSMA3-AS1",NA,NA,NA,NA,NA,NA,NA,NA
"1018",NA,NA,NA,"HNRNPR","ARPC5L",NA,NA,NA,NA,NA,NA,NA,NA
"1019",NA,NA,NA,"LPCAT1","ASAH1",NA,NA,NA,NA,NA,NA,NA,NA
"1020",NA,NA,NA,"SF3B6","TEX264",NA,NA,NA,NA,NA,NA,NA,NA
"1021",NA,NA,NA,"MARK3","LYST",NA,NA,NA,NA,NA,NA,NA,NA
"1022",NA,NA,NA,"ATP5I","ACTN4",NA,NA,NA,NA,NA,NA,NA,NA
"1023",NA,NA,NA,"SNHG9","C6orf62",NA,NA,NA,NA,NA,NA,NA,NA
"1024",NA,NA,NA,"GNG7","EPS15",NA,NA,NA,NA,NA,NA,NA,NA
"1025",NA,NA,NA,"BUB3","RHBDF2",NA,NA,NA,NA,NA,NA,NA,NA
"1026",NA,NA,NA,"ING4","CHMP5",NA,NA,NA,NA,NA,NA,NA,NA
"1027",NA,NA,NA,"CDC42SE2","CAPN1",NA,NA,NA,NA,NA,NA,NA,NA
"1028",NA,NA,NA,"ARHGAP4","LAMTOR5",NA,NA,NA,NA,NA,NA,NA,NA
"1029",NA,NA,NA,"PLEK","PHB2",NA,NA,NA,NA,NA,NA,NA,NA
"1030",NA,NA,NA,"SUMO3","NFATC3",NA,NA,NA,NA,NA,NA,NA,NA
"1031",NA,NA,NA,"OSBPL8","PPCS",NA,NA,NA,NA,NA,NA,NA,NA
"1032",NA,NA,NA,"LRCH4","SNRPA",NA,NA,NA,NA,NA,NA,NA,NA
"1033",NA,NA,NA,"TMEM9B","C1QBP",NA,NA,NA,NA,NA,NA,NA,NA
"1034",NA,NA,NA,"APEX1","PRDX6",NA,NA,NA,NA,NA,NA,NA,NA
"1035",NA,NA,NA,"SMAP2","ATP5D",NA,NA,NA,NA,NA,NA,NA,NA
"1036",NA,NA,NA,"NDUFB9","HMGB2",NA,NA,NA,NA,NA,NA,NA,NA
"1037",NA,NA,NA,"MTERF4","OTUB1",NA,NA,NA,NA,NA,NA,NA,NA
"1038",NA,NA,NA,"CYLD","CYB5R4",NA,NA,NA,NA,NA,NA,NA,NA
"1039",NA,NA,NA,"BTF3L4","SDCBP",NA,NA,NA,NA,NA,NA,NA,NA
"1040",NA,NA,NA,"POLR2G","IRF9",NA,NA,NA,NA,NA,NA,NA,NA
"1041",NA,NA,NA,"ZFAND1","RP11-386I14.4",NA,NA,NA,NA,NA,NA,NA,NA
"1042",NA,NA,NA,"C9orf16","DMXL1",NA,NA,NA,NA,NA,NA,NA,NA
"1043",NA,NA,NA,"CCT7","GID8",NA,NA,NA,NA,NA,NA,NA,NA
"1044",NA,NA,NA,"FMNL1","CSNK1A1",NA,NA,NA,NA,NA,NA,NA,NA
"1045",NA,NA,NA,"SMARCC1","SNRNP40",NA,NA,NA,NA,NA,NA,NA,NA
"1046",NA,NA,NA,"ZNF75A","NFKB2",NA,NA,NA,NA,NA,NA,NA,NA
"1047",NA,NA,NA,"RNMT","UBTF",NA,NA,NA,NA,NA,NA,NA,NA
"1048",NA,NA,NA,"CDK13","ITM2B",NA,NA,NA,NA,NA,NA,NA,NA
"1049",NA,NA,NA,"MEAF6","NOB1",NA,NA,NA,NA,NA,NA,NA,NA
"1050",NA,NA,NA,"AKIRIN1","CCT4",NA,NA,NA,NA,NA,NA,NA,NA
"1051",NA,NA,NA,"NUDC","LSM6",NA,NA,NA,NA,NA,NA,NA,NA
"1052",NA,NA,NA,"SCAF4","PRKD2",NA,NA,NA,NA,NA,NA,NA,NA
"1053",NA,NA,NA,"TMEM248","RALY",NA,NA,NA,NA,NA,NA,NA,NA
"1054",NA,NA,NA,"EEF1G","ZNF24",NA,NA,NA,NA,NA,NA,NA,NA
"1055",NA,NA,NA,"ABT1","ING4",NA,NA,NA,NA,NA,NA,NA,NA
"1056",NA,NA,NA,"PRKAG1","SNX6",NA,NA,NA,NA,NA,NA,NA,NA
"1057",NA,NA,NA,"TTC14","TMC8",NA,NA,NA,NA,NA,NA,NA,NA
"1058",NA,NA,NA,"CMTM7","SUMO1",NA,NA,NA,NA,NA,NA,NA,NA
"1059",NA,NA,NA,"NEMF","ATP1A1",NA,NA,NA,NA,NA,NA,NA,NA
"1060",NA,NA,NA,"LUC7L2","VAMP8",NA,NA,NA,NA,NA,NA,NA,NA
"1061",NA,NA,NA,"TRAF4","ERCC1",NA,NA,NA,NA,NA,NA,NA,NA
"1062",NA,NA,NA,"BAX","TCEA1",NA,NA,NA,NA,NA,NA,NA,NA
"1063",NA,NA,NA,"ATP6V0D1","BZW1",NA,NA,NA,NA,NA,NA,NA,NA
"1064",NA,NA,NA,"ZNF274","ZCCHC10",NA,NA,NA,NA,NA,NA,NA,NA
"1065",NA,NA,NA,"HDAC9","P2RX5",NA,NA,NA,NA,NA,NA,NA,NA
"1066",NA,NA,NA,"TCEA1","UBA2",NA,NA,NA,NA,NA,NA,NA,NA
"1067",NA,NA,NA,"URM1","PPP1CB",NA,NA,NA,NA,NA,NA,NA,NA
"1068",NA,NA,NA,"PAK2","REXO4",NA,NA,NA,NA,NA,NA,NA,NA
"1069",NA,NA,NA,"MRFAP1","UGP2",NA,NA,NA,NA,NA,NA,NA,NA
"1070",NA,NA,NA,"CIR1","ZFAND6",NA,NA,NA,NA,NA,NA,NA,NA
"1071",NA,NA,NA,"SDHC","NKTR",NA,NA,NA,NA,NA,NA,NA,NA
"1072",NA,NA,NA,"RABEP1","SNRPC",NA,NA,NA,NA,NA,NA,NA,NA
"1073",NA,NA,NA,"FKBP8","SLC25A45",NA,NA,NA,NA,NA,NA,NA,NA
"1074",NA,NA,NA,"ANXA11","LSM8",NA,NA,NA,NA,NA,NA,NA,NA
"1075",NA,NA,NA,"PHB2","NCOA4",NA,NA,NA,NA,NA,NA,NA,NA
"1076",NA,NA,NA,"ICAM3","SMG1",NA,NA,NA,NA,NA,NA,NA,NA
"1077",NA,NA,NA,"NOP53","SH3KBP1",NA,NA,NA,NA,NA,NA,NA,NA
"1078",NA,NA,NA,"ZNF22","FLNA",NA,NA,NA,NA,NA,NA,NA,NA
"1079",NA,NA,NA,"ALKBH5","HSPD1",NA,NA,NA,NA,NA,NA,NA,NA
"1080",NA,NA,NA,"CYTH1","SNRPD1",NA,NA,NA,NA,NA,NA,NA,NA
"1081",NA,NA,NA,"OGG1","ZC3HAV1",NA,NA,NA,NA,NA,NA,NA,NA
"1082",NA,NA,NA,"SPG21","UNC119",NA,NA,NA,NA,NA,NA,NA,NA
"1083",NA,NA,NA,"ARFGAP2","SHKBP1",NA,NA,NA,NA,NA,NA,NA,NA
"1084",NA,NA,NA,"POLR2C","G3BP2",NA,NA,NA,NA,NA,NA,NA,NA
"1085",NA,NA,NA,"UHMK1","MRPS30",NA,NA,NA,NA,NA,NA,NA,NA
"1086",NA,NA,NA,"HNRNPH3","CLEC2B",NA,NA,NA,NA,NA,NA,NA,NA
"1087",NA,NA,NA,"MED28","ERV3-1",NA,NA,NA,NA,NA,NA,NA,NA
"1088",NA,NA,NA,"ABI1","USP8",NA,NA,NA,NA,NA,NA,NA,NA
"1089",NA,NA,NA,"ANXA2R","PLEK",NA,NA,NA,NA,NA,NA,NA,NA
"1090",NA,NA,NA,"EPSTI1","HNRNPL",NA,NA,NA,NA,NA,NA,NA,NA
"1091",NA,NA,NA,"MED10","RBCK1",NA,NA,NA,NA,NA,NA,NA,NA
"1092",NA,NA,NA,"BLOC1S1","MKNK2",NA,NA,NA,NA,NA,NA,NA,NA
"1093",NA,NA,NA,"RHBDF2","TSPAN13",NA,NA,NA,NA,NA,NA,NA,NA
"1094",NA,NA,NA,"XRCC5","FCHSD2",NA,NA,NA,NA,NA,NA,NA,NA
"1095",NA,NA,NA,"HCST","PIAS1",NA,NA,NA,NA,NA,NA,NA,NA
"1096",NA,NA,NA,"FAM215B","G3BP1",NA,NA,NA,NA,NA,NA,NA,NA
"1097",NA,NA,NA,"BEX2","PA2G4",NA,NA,NA,NA,NA,NA,NA,NA
"1098",NA,NA,NA,"HERC4","DENND2D",NA,NA,NA,NA,NA,NA,NA,NA
"1099",NA,NA,NA,"DAZAP1","ARRDC3",NA,NA,NA,NA,NA,NA,NA,NA
"1100",NA,NA,NA,"CARD8","SF3B2",NA,NA,NA,NA,NA,NA,NA,NA
"1101",NA,NA,NA,"SSH2","PABPN1",NA,NA,NA,NA,NA,NA,NA,NA
"1102",NA,NA,NA,"TTC17","TARDBP",NA,NA,NA,NA,NA,NA,NA,NA
"1103",NA,NA,NA,"CCT4","NR3C1",NA,NA,NA,NA,NA,NA,NA,NA
"1104",NA,NA,NA,"KIF5B","FXR1",NA,NA,NA,NA,NA,NA,NA,NA
"1105",NA,NA,NA,"PHF5A","RNF19A",NA,NA,NA,NA,NA,NA,NA,NA
"1106",NA,NA,NA,"MOAP1","ZNF800",NA,NA,NA,NA,NA,NA,NA,NA
"1107",NA,NA,NA,"SNRNP70","MIS18BP1",NA,NA,NA,NA,NA,NA,NA,NA
"1108",NA,NA,NA,"ARHGEF2","BLNK",NA,NA,NA,NA,NA,NA,NA,NA
"1109",NA,NA,NA,"TERF2IP","RSBN1",NA,NA,NA,NA,NA,NA,NA,NA
"1110",NA,NA,NA,"CLK1","MARCH6",NA,NA,NA,NA,NA,NA,NA,NA
"1111",NA,NA,NA,"TMEM156","HNRNPD",NA,NA,NA,NA,NA,NA,NA,NA
"1112",NA,NA,NA,"CYSLTR1","CHORDC1",NA,NA,NA,NA,NA,NA,NA,NA
"1113",NA,NA,NA,"TOX4","OSBPL8",NA,NA,NA,NA,NA,NA,NA,NA
"1114",NA,NA,NA,"SRSF11","HPRT1",NA,NA,NA,NA,NA,NA,NA,NA
"1115",NA,NA,NA,"RAC1","ALKBH5",NA,NA,NA,NA,NA,NA,NA,NA
"1116",NA,NA,NA,"LY9","DNAJB14",NA,NA,NA,NA,NA,NA,NA,NA
"1117",NA,NA,NA,"PSMC5","TSC22D4",NA,NA,NA,NA,NA,NA,NA,NA
"1118",NA,NA,NA,"TINF2","PCF11",NA,NA,NA,NA,NA,NA,NA,NA
"1119",NA,NA,NA,"ANKRD11","ATP6V1H",NA,NA,NA,NA,NA,NA,NA,NA
"1120",NA,NA,NA,"WHSC1L1","ARL14EP",NA,NA,NA,NA,NA,NA,NA,NA
"1121",NA,NA,NA,"ZFP36","RANBP1",NA,NA,NA,NA,NA,NA,NA,NA
"1122",NA,NA,NA,"FKBP1A","SSBP1",NA,NA,NA,NA,NA,NA,NA,NA
"1123",NA,NA,NA,"THOC7","METTL17",NA,NA,NA,NA,NA,NA,NA,NA
"1124",NA,NA,NA,"LBR","TPR",NA,NA,NA,NA,NA,NA,NA,NA
"1125",NA,NA,NA,"CASP4","VAPA",NA,NA,NA,NA,NA,NA,NA,NA
"1126",NA,NA,NA,"TPR","CD164",NA,NA,NA,NA,NA,NA,NA,NA
"1127",NA,NA,NA,"TSR2","PTPN2",NA,NA,NA,NA,NA,NA,NA,NA
"1128",NA,NA,NA,"NFYC","CCNL1",NA,NA,NA,NA,NA,NA,NA,NA
"1129",NA,NA,NA,"ANKRD12","NSL1",NA,NA,NA,NA,NA,NA,NA,NA
"1130",NA,NA,NA,"MAP4K1","TSPO",NA,NA,NA,NA,NA,NA,NA,NA
"1131",NA,NA,NA,"CGGBP1","ADH5",NA,NA,NA,NA,NA,NA,NA,NA
"1132",NA,NA,NA,"FDFT1","PPP3CA",NA,NA,NA,NA,NA,NA,NA,NA
"1133",NA,NA,NA,"UPF2","CDC37",NA,NA,NA,NA,NA,NA,NA,NA
"1134",NA,NA,NA,"XRN2","PSMD4",NA,NA,NA,NA,NA,NA,NA,NA
"1135",NA,NA,NA,"AP1G2","DBI",NA,NA,NA,NA,NA,NA,NA,NA
"1136",NA,NA,NA,"MED4","MKRN1",NA,NA,NA,NA,NA,NA,NA,NA
"1137",NA,NA,NA,"COX5B","CNOT8",NA,NA,NA,NA,NA,NA,NA,NA
"1138",NA,NA,NA,"HIF1A","SPG21",NA,NA,NA,NA,NA,NA,NA,NA
"1139",NA,NA,NA,"SRSF10","IDI1",NA,NA,NA,NA,NA,NA,NA,NA
"1140",NA,NA,NA,"TES","NDUFA5",NA,NA,NA,NA,NA,NA,NA,NA
"1141",NA,NA,NA,"OSGEP","ZNF274",NA,NA,NA,NA,NA,NA,NA,NA
"1142",NA,NA,NA,"UTRN","IFNGR2",NA,NA,NA,NA,NA,NA,NA,NA
"1143",NA,NA,NA,"SMCHD1","CLTA",NA,NA,NA,NA,NA,NA,NA,NA
"1144",NA,NA,NA,"GUCD1","LYRM2",NA,NA,NA,NA,NA,NA,NA,NA
"1145",NA,NA,NA,"TRAPPC6A","COX14",NA,NA,NA,NA,NA,NA,NA,NA
"1146",NA,NA,NA,"ZNF131","LETMD1",NA,NA,NA,NA,NA,NA,NA,NA
"1147",NA,NA,NA,"SNX8","STAP1",NA,NA,NA,NA,NA,NA,NA,NA
"1148",NA,NA,NA,"IMPDH2","DEF6",NA,NA,NA,NA,NA,NA,NA,NA
"1149",NA,NA,NA,"ARL6IP4","PPP2R1A",NA,NA,NA,NA,NA,NA,NA,NA
"1150",NA,NA,NA,"ATP6V1H","TPI1",NA,NA,NA,NA,NA,NA,NA,NA
"1151",NA,NA,NA,"ZNF106","OCIAD2",NA,NA,NA,NA,NA,NA,NA,NA
"1152",NA,NA,NA,"BPTF","RP11-166O4.6",NA,NA,NA,NA,NA,NA,NA,NA
"1153",NA,NA,NA,"SRSF1","SELT",NA,NA,NA,NA,NA,NA,NA,NA
"1154",NA,NA,NA,"VPS13C","CEBPZOS",NA,NA,NA,NA,NA,NA,NA,NA
"1155",NA,NA,NA,"MAP3K8","SRSF10",NA,NA,NA,NA,NA,NA,NA,NA
"1156",NA,NA,NA,"ARF5","TRAC",NA,NA,NA,NA,NA,NA,NA,NA
"1157",NA,NA,NA,"TCEB2","RASGRP3",NA,NA,NA,NA,NA,NA,NA,NA
"1158",NA,NA,NA,"LDLRAD4","DCAF7",NA,NA,NA,NA,NA,NA,NA,NA
"1159",NA,NA,NA,"ATP5J2","AC103591.3",NA,NA,NA,NA,NA,NA,NA,NA
"1160",NA,NA,NA,"SRSF2","PTK2B",NA,NA,NA,NA,NA,NA,NA,NA
"1161",NA,NA,NA,"DMXL1","NUMB",NA,NA,NA,NA,NA,NA,NA,NA
"1162",NA,NA,NA,"KRCC1","RPAIN",NA,NA,NA,NA,NA,NA,NA,NA
"1163",NA,NA,NA,"COX20","SMARCC1",NA,NA,NA,NA,NA,NA,NA,NA
"1164",NA,NA,NA,"WDR1","DARS",NA,NA,NA,NA,NA,NA,NA,NA
"1165",NA,NA,NA,"ANXA7","MINOS1",NA,NA,NA,NA,NA,NA,NA,NA
"1166",NA,NA,NA,"MAP1LC3B","IDH3B",NA,NA,NA,NA,NA,NA,NA,NA
"1167",NA,NA,NA,"HNRNPH1","SLC38A1",NA,NA,NA,NA,NA,NA,NA,NA
"1168",NA,NA,NA,"ANKRD49","CEPT1",NA,NA,NA,NA,NA,NA,NA,NA
"1169",NA,NA,NA,"NASP","ILF3",NA,NA,NA,NA,NA,NA,NA,NA
"1170",NA,NA,NA,"SNHG15","ADGRE5",NA,NA,NA,NA,NA,NA,NA,NA
"1171",NA,NA,NA,"ARID1B","DDT",NA,NA,NA,NA,NA,NA,NA,NA
"1172",NA,NA,NA,"RBX1","SRSF6",NA,NA,NA,NA,NA,NA,NA,NA
"1173",NA,NA,NA,"ZRANB2","TMEM14B",NA,NA,NA,NA,NA,NA,NA,NA
"1174",NA,NA,NA,"DNAJC19","DENND1C",NA,NA,NA,NA,NA,NA,NA,NA
"1175",NA,NA,NA,"PRPF31","ESF1",NA,NA,NA,NA,NA,NA,NA,NA
"1176",NA,NA,NA,"PDE4B","PHF14",NA,NA,NA,NA,NA,NA,NA,NA
"1177",NA,NA,NA,"ZNF430","RFX5",NA,NA,NA,NA,NA,NA,NA,NA
"1178",NA,NA,NA,"MOB3A","MPHOSPH8",NA,NA,NA,NA,NA,NA,NA,NA
"1179",NA,NA,NA,"RTF1","SNRNP200",NA,NA,NA,NA,NA,NA,NA,NA
"1180",NA,NA,NA,"MARCH6","SPG7",NA,NA,NA,NA,NA,NA,NA,NA
"1181",NA,NA,NA,"APPL1","EIF2AK2",NA,NA,NA,NA,NA,NA,NA,NA
"1182",NA,NA,NA,"MOB4","UQCRC2",NA,NA,NA,NA,NA,NA,NA,NA
"1183",NA,NA,NA,"SLC25A5","C1orf56",NA,NA,NA,NA,NA,NA,NA,NA
"1184",NA,NA,NA,"LILRB1","FNBP4",NA,NA,NA,NA,NA,NA,NA,NA
"1185",NA,NA,NA,"FRG1","CHD2",NA,NA,NA,NA,NA,NA,NA,NA
"1186",NA,NA,NA,"IST1","TAF15",NA,NA,NA,NA,NA,NA,NA,NA
"1187",NA,NA,NA,"ZNF148","RBM23",NA,NA,NA,NA,NA,NA,NA,NA
"1188",NA,NA,NA,"ZNF331","AKNA",NA,NA,NA,NA,NA,NA,NA,NA
"1189",NA,NA,NA,"PPP1R11","EIF1AX",NA,NA,NA,NA,NA,NA,NA,NA
"1190",NA,NA,NA,"CRYZL1","MX1",NA,NA,NA,NA,NA,NA,NA,NA
"1191",NA,NA,NA,"PSMG2","EIF5",NA,NA,NA,NA,NA,NA,NA,NA
"1192",NA,NA,NA,"RASSF1","PPP4C",NA,NA,NA,NA,NA,NA,NA,NA
"1193",NA,NA,NA,"ATP6V1F","ARFGAP2",NA,NA,NA,NA,NA,NA,NA,NA
"1194",NA,NA,NA,"STK10","C7orf73",NA,NA,NA,NA,NA,NA,NA,NA
"1195",NA,NA,NA,"PLCG2","IQGAP1",NA,NA,NA,NA,NA,NA,NA,NA
"1196",NA,NA,NA,"NONO","MAPRE1",NA,NA,NA,NA,NA,NA,NA,NA
"1197",NA,NA,NA,"DAAM1","CNDP2",NA,NA,NA,NA,NA,NA,NA,NA
"1198",NA,NA,NA,"NT5C3A","R3HDM4",NA,NA,NA,NA,NA,NA,NA,NA
"1199",NA,NA,NA,"POLD4","WTAP",NA,NA,NA,NA,NA,NA,NA,NA
"1200",NA,NA,NA,"C17orf62","ANXA11",NA,NA,NA,NA,NA,NA,NA,NA
"1201",NA,NA,NA,"RBBP4","IGHG4",NA,NA,NA,NA,NA,NA,NA,NA
"1202",NA,NA,NA,"IRF2","POMP",NA,NA,NA,NA,NA,NA,NA,NA
"1203",NA,NA,NA,"ACAP2","SNRNP70",NA,NA,NA,NA,NA,NA,NA,NA
"1204",NA,NA,NA,"HSF1","TRMT112",NA,NA,NA,NA,NA,NA,NA,NA
"1205",NA,NA,NA,"TMX4","SENP6",NA,NA,NA,NA,NA,NA,NA,NA
"1206",NA,NA,NA,"ATP6V1E1","NONO",NA,NA,NA,NA,NA,NA,NA,NA
"1207",NA,NA,NA,"ADAR","MED30",NA,NA,NA,NA,NA,NA,NA,NA
"1208",NA,NA,NA,"ARHGAP45","LONP2",NA,NA,NA,NA,NA,NA,NA,NA
"1209",NA,NA,NA,"NFKB2","EMP3",NA,NA,NA,NA,NA,NA,NA,NA
"1210",NA,NA,NA,"PRMT2","STAT3",NA,NA,NA,NA,NA,NA,NA,NA
"1211",NA,NA,NA,"ITGA4","AIP",NA,NA,NA,NA,NA,NA,NA,NA
"1212",NA,NA,NA,"PDCD6IP","POLR2E",NA,NA,NA,NA,NA,NA,NA,NA
"1213",NA,NA,NA,"ISCU","NCBP2-AS2",NA,NA,NA,NA,NA,NA,NA,NA
"1214",NA,NA,NA,"PABPN1","SNHG12",NA,NA,NA,NA,NA,NA,NA,NA
"1215",NA,NA,NA,"SREK1","PTBP1",NA,NA,NA,NA,NA,NA,NA,NA
"1216",NA,NA,NA,"ATP5PO","NDUFA12",NA,NA,NA,NA,NA,NA,NA,NA
"1217",NA,NA,NA,"UGCG","PHACTR1",NA,NA,NA,NA,NA,NA,NA,NA
"1218",NA,NA,NA,"ATF7IP","DHX36",NA,NA,NA,NA,NA,NA,NA,NA
"1219",NA,NA,NA,"SNRPG","PLSCR1",NA,NA,NA,NA,NA,NA,NA,NA
"1220",NA,NA,NA,"SSB","C17orf62",NA,NA,NA,NA,NA,NA,NA,NA
"1221",NA,NA,NA,"UBE2E2","ANKRD12",NA,NA,NA,NA,NA,NA,NA,NA
"1222",NA,NA,NA,"UTP6","LPIN1",NA,NA,NA,NA,NA,NA,NA,NA
"1223",NA,NA,NA,"CSNK1D","SSB",NA,NA,NA,NA,NA,NA,NA,NA
"1224",NA,NA,NA,"GSDMD","ARL6IP1",NA,NA,NA,NA,NA,NA,NA,NA
"1225",NA,NA,NA,"PPT1","NOP53",NA,NA,NA,NA,NA,NA,NA,NA
"1226",NA,NA,NA,"C7orf73","PSMB10",NA,NA,NA,NA,NA,NA,NA,NA
"1227",NA,NA,NA,"BLOC1S4","BEX2",NA,NA,NA,NA,NA,NA,NA,NA
"1228",NA,NA,NA,"ARL14EP","DNAJC7",NA,NA,NA,NA,NA,NA,NA,NA
"1229",NA,NA,NA,"ERAP2","RASSF5",NA,NA,NA,NA,NA,NA,NA,NA
"1230",NA,NA,NA,"USF2","UFC1",NA,NA,NA,NA,NA,NA,NA,NA
"1231",NA,NA,NA,"TMBIM4","TGOLN2",NA,NA,NA,NA,NA,NA,NA,NA
"1232",NA,NA,NA,"PPHLN1","CPNE3",NA,NA,NA,NA,NA,NA,NA,NA
"1233",NA,NA,NA,"RAB5C","SRSF11",NA,NA,NA,NA,NA,NA,NA,NA
"1234",NA,NA,NA,"VAPA","WAC",NA,NA,NA,NA,NA,NA,NA,NA
"1235",NA,NA,NA,"OSTF1","ZNF644",NA,NA,NA,NA,NA,NA,NA,NA
"1236",NA,NA,NA,"LYPLA2","MAGOH",NA,NA,NA,NA,NA,NA,NA,NA
"1237",NA,NA,NA,"TCEB1","RBM7",NA,NA,NA,NA,NA,NA,NA,NA
"1238",NA,NA,NA,"PSMB8","C1D",NA,NA,NA,NA,NA,NA,NA,NA
"1239",NA,NA,NA,"BDP1","NDUFB9",NA,NA,NA,NA,NA,NA,NA,NA
"1240",NA,NA,NA,"RNF41","TES",NA,NA,NA,NA,NA,NA,NA,NA
"1241",NA,NA,NA,"EMB","PPHLN1",NA,NA,NA,NA,NA,NA,NA,NA
"1242",NA,NA,NA,"ZFAND6","NCF4",NA,NA,NA,NA,NA,NA,NA,NA
"1243",NA,NA,NA,"C17orf89","PPP1CC",NA,NA,NA,NA,NA,NA,NA,NA
"1244",NA,NA,NA,"HPS4","FAM162A",NA,NA,NA,NA,NA,NA,NA,NA
"1245",NA,NA,NA,"RRAGA","MAP4K1",NA,NA,NA,NA,NA,NA,NA,NA
"1246",NA,NA,NA,"ATP5B","TSTD1",NA,NA,NA,NA,NA,NA,NA,NA
"1247",NA,NA,NA,"ZNRD1","CLNS1A",NA,NA,NA,NA,NA,NA,NA,NA
"1248",NA,NA,NA,"WDR46","TM2D1",NA,NA,NA,NA,NA,NA,NA,NA
"1249",NA,NA,NA,"SNRPA1","POLE4",NA,NA,NA,NA,NA,NA,NA,NA
"1250",NA,NA,NA,"PPP3CC","DAPP1",NA,NA,NA,NA,NA,NA,NA,NA
"1251",NA,NA,NA,"OLA1","RAP1A",NA,NA,NA,NA,NA,NA,NA,NA
"1252",NA,NA,NA,"OCIAD2","IRF2BP2",NA,NA,NA,NA,NA,NA,NA,NA
"1253",NA,NA,NA,"RBM25","ZFAND1",NA,NA,NA,NA,NA,NA,NA,NA
"1254",NA,NA,NA,"PHF1","MAT2A",NA,NA,NA,NA,NA,NA,NA,NA
"1255",NA,NA,NA,"NMI","SNX8",NA,NA,NA,NA,NA,NA,NA,NA
"1256",NA,NA,NA,"SMARCA5","METTL9",NA,NA,NA,NA,NA,NA,NA,NA
"1257",NA,NA,NA,"DCAF11","IRF1",NA,NA,NA,NA,NA,NA,NA,NA
"1258",NA,NA,NA,"FIBP","EEF1G",NA,NA,NA,NA,NA,NA,NA,NA
"1259",NA,NA,NA,"DNAJB14","P2RY10",NA,NA,NA,NA,NA,NA,NA,NA
"1260",NA,NA,NA,"LMBRD1","RNF216",NA,NA,NA,NA,NA,NA,NA,NA
"1261",NA,NA,NA,"EIF4H","RPL22L1",NA,NA,NA,NA,NA,NA,NA,NA
"1262",NA,NA,NA,"QARS","PPIH",NA,NA,NA,NA,NA,NA,NA,NA
"1263",NA,NA,NA,"RPIA","GGNBP2",NA,NA,NA,NA,NA,NA,NA,NA
"1264",NA,NA,NA,"RBM7","RSRC2",NA,NA,NA,NA,NA,NA,NA,NA
"1265",NA,NA,NA,"ARID5B","TSPAN3",NA,NA,NA,NA,NA,NA,NA,NA
"1266",NA,NA,NA,"MTCH1","SF3B1",NA,NA,NA,NA,NA,NA,NA,NA
"1267",NA,NA,NA,"ITPA","SSU72",NA,NA,NA,NA,NA,NA,NA,NA
"1268",NA,NA,NA,"EXOSC8","ERH",NA,NA,NA,NA,NA,NA,NA,NA
"1269",NA,NA,NA,"ADH5","LBR",NA,NA,NA,NA,NA,NA,NA,NA
"1270",NA,NA,NA,"OGFR","PSMB3",NA,NA,NA,NA,NA,NA,NA,NA
"1271",NA,NA,NA,"RAP1A","DAAM1",NA,NA,NA,NA,NA,NA,NA,NA
"1272",NA,NA,NA,"UBTF","GGA1",NA,NA,NA,NA,NA,NA,NA,NA
"1273",NA,NA,NA,"BCLAF1","CHD9",NA,NA,NA,NA,NA,NA,NA,NA
"1274",NA,NA,NA,"ALDH9A1","TLN1",NA,NA,NA,NA,NA,NA,NA,NA
"1275",NA,NA,NA,"DARS","SF3A1",NA,NA,NA,NA,NA,NA,NA,NA
"1276",NA,NA,NA,"MYH9","TTC1",NA,NA,NA,NA,NA,NA,NA,NA
"1277",NA,NA,NA,"PLEKHJ1","CTSC",NA,NA,NA,NA,NA,NA,NA,NA
"1278",NA,NA,NA,"UPF3A","PMPCB",NA,NA,NA,NA,NA,NA,NA,NA
"1279",NA,NA,NA,"SCP2","CTSA",NA,NA,NA,NA,NA,NA,NA,NA
"1280",NA,NA,NA,"BOD1L1","GSDMD",NA,NA,NA,NA,NA,NA,NA,NA
"1281",NA,NA,NA,"PRNP","SUMO3",NA,NA,NA,NA,NA,NA,NA,NA
"1282",NA,NA,NA,"PSD4","TMEM261",NA,NA,NA,NA,NA,NA,NA,NA
"1283",NA,NA,NA,"USMG5","ATG12",NA,NA,NA,NA,NA,NA,NA,NA
"1284",NA,NA,NA,"ELAVL1","CNOT7",NA,NA,NA,NA,NA,NA,NA,NA
"1285",NA,NA,NA,"GRB2","SNHG25",NA,NA,NA,NA,NA,NA,NA,NA
"1286",NA,NA,NA,"ORAI1","CCT2",NA,NA,NA,NA,NA,NA,NA,NA
"1287",NA,NA,NA,"GRHPR","STAT1",NA,NA,NA,NA,NA,NA,NA,NA
"1288",NA,NA,NA,"NR1H2","TOMM22",NA,NA,NA,NA,NA,NA,NA,NA
"1289",NA,NA,NA,"FLI1","BNIP2",NA,NA,NA,NA,NA,NA,NA,NA
"1290",NA,NA,NA,"RBM4","SZRD1",NA,NA,NA,NA,NA,NA,NA,NA
"1291",NA,NA,NA,"PTDSS1","TSN",NA,NA,NA,NA,NA,NA,NA,NA
"1292",NA,NA,NA,"TRAC","PHKB",NA,NA,NA,NA,NA,NA,NA,NA
"1293",NA,NA,NA,"CD81","PARK7",NA,NA,NA,NA,NA,NA,NA,NA
"1294",NA,NA,NA,"SCNM1","GNG2",NA,NA,NA,NA,NA,NA,NA,NA
"1295",NA,NA,NA,"ARRDC1","LSM10",NA,NA,NA,NA,NA,NA,NA,NA
"1296",NA,NA,NA,"ATPIF1","RTFDC1",NA,NA,NA,NA,NA,NA,NA,NA
"1297",NA,NA,NA,"MRPL9","OSER1",NA,NA,NA,NA,NA,NA,NA,NA
"1298",NA,NA,NA,"PLSCR1","PRMT2",NA,NA,NA,NA,NA,NA,NA,NA
"1299",NA,NA,NA,"DENND2D","SEP15",NA,NA,NA,NA,NA,NA,NA,NA
"1300",NA,NA,NA,"DTNBP1","RAB11A",NA,NA,NA,NA,NA,NA,NA,NA
"1301",NA,NA,NA,"LAPTM4A","EIF4H",NA,NA,NA,NA,NA,NA,NA,NA
"1302",NA,NA,NA,"AP2M1","PRKD3",NA,NA,NA,NA,NA,NA,NA,NA
"1303",NA,NA,NA,"NEDD8","THRAP3",NA,NA,NA,NA,NA,NA,NA,NA
"1304",NA,NA,NA,"LCK","METAP2",NA,NA,NA,NA,NA,NA,NA,NA
"1305",NA,NA,NA,"MIR155HG","CARD8",NA,NA,NA,NA,NA,NA,NA,NA
"1306",NA,NA,NA,"ZNF207","NDUFB5",NA,NA,NA,NA,NA,NA,NA,NA
"1307",NA,NA,NA,"ATF7IP2","AKIRIN1",NA,NA,NA,NA,NA,NA,NA,NA
"1308",NA,NA,NA,"ENSA","RBBP7",NA,NA,NA,NA,NA,NA,NA,NA
"1309",NA,NA,NA,"PYURF","YDJC",NA,NA,NA,NA,NA,NA,NA,NA
"1310",NA,NA,NA,"ESF1","S100A10",NA,NA,NA,NA,NA,NA,NA,NA
"1311",NA,NA,NA,"FAM192A","PPP1R11",NA,NA,NA,NA,NA,NA,NA,NA
"1312",NA,NA,NA,"FBXO7","FAM102A",NA,NA,NA,NA,NA,NA,NA,NA
"1313",NA,NA,NA,"PYCR2","ECH1",NA,NA,NA,NA,NA,NA,NA,NA
"1314",NA,NA,NA,"TWF2","REST",NA,NA,NA,NA,NA,NA,NA,NA
"1315",NA,NA,NA,"MX1","SHISA5",NA,NA,NA,NA,NA,NA,NA,NA
"1316",NA,NA,NA,"TGFB1","EVI2A",NA,NA,NA,NA,NA,NA,NA,NA
"1317",NA,NA,NA,"SLU7","SREK1",NA,NA,NA,NA,NA,NA,NA,NA
"1318",NA,NA,NA,"PBXIP1","MPLKIP",NA,NA,NA,NA,NA,NA,NA,NA
"1319",NA,NA,NA,"SBNO1","YPEL5",NA,NA,NA,NA,NA,NA,NA,NA
"1320",NA,NA,NA,"NECAP2","KRCC1",NA,NA,NA,NA,NA,NA,NA,NA
"1321",NA,NA,NA,"SS18L2","MEF2A",NA,NA,NA,NA,NA,NA,NA,NA
"1322",NA,NA,NA,"BSDC1","MARCH7",NA,NA,NA,NA,NA,NA,NA,NA
"1323",NA,NA,NA,"PTPN7","PLEKHO1",NA,NA,NA,NA,NA,NA,NA,NA
"1324",NA,NA,NA,"METTL21A","RTCB",NA,NA,NA,NA,NA,NA,NA,NA
"1325",NA,NA,NA,"BAG6","ARID4A",NA,NA,NA,NA,NA,NA,NA,NA
"1326",NA,NA,NA,"PITHD1","TLE4",NA,NA,NA,NA,NA,NA,NA,NA
"1327",NA,NA,NA,"SMS","VPS35",NA,NA,NA,NA,NA,NA,NA,NA
"1328",NA,NA,NA,"PLIN3","ADSS",NA,NA,NA,NA,NA,NA,NA,NA
"1329",NA,NA,NA,"DENR","PDCD10",NA,NA,NA,NA,NA,NA,NA,NA
"1330",NA,NA,NA,"CYB5R4","TAOK3",NA,NA,NA,NA,NA,NA,NA,NA
"1331",NA,NA,NA,"AKIRIN2","ADPGK",NA,NA,NA,NA,NA,NA,NA,NA
"1332",NA,NA,NA,"YIPF4","DNAJA1",NA,NA,NA,NA,NA,NA,NA,NA
"1333",NA,NA,NA,"FAM102A","RNASEH2B",NA,NA,NA,NA,NA,NA,NA,NA
"1334",NA,NA,NA,"CNDP2","S100A4",NA,NA,NA,NA,NA,NA,NA,NA
"1335",NA,NA,NA,"EIF1AY","AATF",NA,NA,NA,NA,NA,NA,NA,NA
"1336",NA,NA,NA,"FNTA","SLBP",NA,NA,NA,NA,NA,NA,NA,NA
"1337",NA,NA,NA,"PPP6R1","ARPP19",NA,NA,NA,NA,NA,NA,NA,NA
"1338",NA,NA,NA,"PDCD6","YIPF4",NA,NA,NA,NA,NA,NA,NA,NA
"1339",NA,NA,NA,"KPNB1","ELOF1",NA,NA,NA,NA,NA,NA,NA,NA
"1340",NA,NA,NA,"ANKRD10","ELAVL1",NA,NA,NA,NA,NA,NA,NA,NA
"1341",NA,NA,NA,"LYRM2","TADA3",NA,NA,NA,NA,NA,NA,NA,NA
"1342",NA,NA,NA,"CREB1","CASP1",NA,NA,NA,NA,NA,NA,NA,NA
"1343",NA,NA,NA,"RNASEH2B","GRB2",NA,NA,NA,NA,NA,NA,NA,NA
"1344",NA,NA,NA,"BANF1","GLUD1",NA,NA,NA,NA,NA,NA,NA,NA
"1345",NA,NA,NA,"HSPA4","KANSL1",NA,NA,NA,NA,NA,NA,NA,NA
"1346",NA,NA,NA,"SLC38A1","ZC3H15",NA,NA,NA,NA,NA,NA,NA,NA
"1347",NA,NA,NA,"LARP7","IGBP1",NA,NA,NA,NA,NA,NA,NA,NA
"1348",NA,NA,NA,"MED30","CRBN",NA,NA,NA,NA,NA,NA,NA,NA
"1349",NA,NA,NA,"PUF60","BCL7B",NA,NA,NA,NA,NA,NA,NA,NA
"1350",NA,NA,NA,"U2SURP","LRCH4",NA,NA,NA,NA,NA,NA,NA,NA
"1351",NA,NA,NA,"PRPF40A","HPS4",NA,NA,NA,NA,NA,NA,NA,NA
"1352",NA,NA,NA,"RECQL","DRAP1",NA,NA,NA,NA,NA,NA,NA,NA
"1353",NA,NA,NA,"PRMT1","KDM4B",NA,NA,NA,NA,NA,NA,NA,NA
"1354",NA,NA,NA,"MYO9B","ATP5F1",NA,NA,NA,NA,NA,NA,NA,NA
"1355",NA,NA,NA,"CUL3","HSPA4",NA,NA,NA,NA,NA,NA,NA,NA
"1356",NA,NA,NA,"PPIG","CSDE1",NA,NA,NA,NA,NA,NA,NA,NA
"1357",NA,NA,NA,"HDAC3","GPATCH8",NA,NA,NA,NA,NA,NA,NA,NA
"1358",NA,NA,NA,"ODF2L","IGHA1",NA,NA,NA,NA,NA,NA,NA,NA
"1359",NA,NA,NA,"CNOT7","AP1M1",NA,NA,NA,NA,NA,NA,NA,NA
"1360",NA,NA,NA,"N4BP2L1","SAFB2",NA,NA,NA,NA,NA,NA,NA,NA
"1361",NA,NA,NA,"HP1BP3","ZNF148",NA,NA,NA,NA,NA,NA,NA,NA
"1362",NA,NA,NA,"HSPA9","PRKAR1A",NA,NA,NA,NA,NA,NA,NA,NA
"1363",NA,NA,NA,"SAMD9","EXOSC8",NA,NA,NA,NA,NA,NA,NA,NA
"1364",NA,NA,NA,"MALT1","VPS4B",NA,NA,NA,NA,NA,NA,NA,NA
"1365",NA,NA,NA,"SAMSN1","ARL2",NA,NA,NA,NA,NA,NA,NA,NA
"1366",NA,NA,NA,"TMEM165","UTP6",NA,NA,NA,NA,NA,NA,NA,NA
"1367",NA,NA,NA,"SNRPN","FKBP1A",NA,NA,NA,NA,NA,NA,NA,NA
"1368",NA,NA,NA,"BZW1","TERF1",NA,NA,NA,NA,NA,NA,NA,NA
"1369",NA,NA,NA,"BFAR","APOBEC3C",NA,NA,NA,NA,NA,NA,NA,NA
"1370",NA,NA,NA,"MYEOV2","LLPH",NA,NA,NA,NA,NA,NA,NA,NA
"1371",NA,NA,NA,"GNAI3","BAZ2A",NA,NA,NA,NA,NA,NA,NA,NA
"1372",NA,NA,NA,"CHCHD10","GCA",NA,NA,NA,NA,NA,NA,NA,NA
"1373",NA,NA,NA,"EXOC7","ATP5F1E",NA,NA,NA,NA,NA,NA,NA,NA
"1374",NA,NA,NA,"DGUOK","GPX1",NA,NA,NA,NA,NA,NA,NA,NA
"1375",NA,NA,NA,"CASP8","HDAC9",NA,NA,NA,NA,NA,NA,NA,NA
"1376",NA,NA,NA,"SRSF6","KDM5A",NA,NA,NA,NA,NA,NA,NA,NA
"1377",NA,NA,NA,"EIF3I","PAXX",NA,NA,NA,NA,NA,NA,NA,NA
"1378",NA,NA,NA,"FOXN3","CCNG1",NA,NA,NA,NA,NA,NA,NA,NA
"1379",NA,NA,NA,"CAMLG","COQ7",NA,NA,NA,NA,NA,NA,NA,NA
"1380",NA,NA,NA,"DUT","CHD7",NA,NA,NA,NA,NA,NA,NA,NA
"1381",NA,NA,NA,"ELP2","HSPE1",NA,NA,NA,NA,NA,NA,NA,NA
"1382",NA,NA,NA,"TAF11","NCOA3",NA,NA,NA,NA,NA,NA,NA,NA
"1383",NA,NA,NA,"ATXN10","CHURC1",NA,NA,NA,NA,NA,NA,NA,NA
"1384",NA,NA,NA,"DDX18","CDC123",NA,NA,NA,NA,NA,NA,NA,NA
"1385",NA,NA,NA,"SIRT7","PAIP2",NA,NA,NA,NA,NA,NA,NA,NA
"1386",NA,NA,NA,"CTSZ","POLR3GL",NA,NA,NA,NA,NA,NA,NA,NA
"1387",NA,NA,NA,"SAFB2","NHLRC3",NA,NA,NA,NA,NA,NA,NA,NA
"1388",NA,NA,NA,"TRMT112","HIST1H4C",NA,NA,NA,NA,NA,NA,NA,NA
"1389",NA,NA,NA,"FLOT2","RAC1",NA,NA,NA,NA,NA,NA,NA,NA
"1390",NA,NA,NA,"CDK12","MAX",NA,NA,NA,NA,NA,NA,NA,NA
"1391",NA,NA,NA,"UPF3B","LAMP1",NA,NA,NA,NA,NA,NA,NA,NA
"1392",NA,NA,NA,"MAT2A","MZT2A",NA,NA,NA,NA,NA,NA,NA,NA
"1393",NA,NA,NA,"CASP1","SNX5",NA,NA,NA,NA,NA,NA,NA,NA
"1394",NA,NA,NA,"MAT2B","POLR2F",NA,NA,NA,NA,NA,NA,NA,NA
"1395",NA,NA,NA,"SYTL1","IAH1",NA,NA,NA,NA,NA,NA,NA,NA
"1396",NA,NA,NA,"NUTM2B-AS1","FOXN3",NA,NA,NA,NA,NA,NA,NA,NA
"1397",NA,NA,NA,"TAF15","SIAH2",NA,NA,NA,NA,NA,NA,NA,NA
"1398",NA,NA,NA,"CAST","C4orf3",NA,NA,NA,NA,NA,NA,NA,NA
"1399",NA,NA,NA,"C1D","C12orf75",NA,NA,NA,NA,NA,NA,NA,NA
"1400",NA,NA,NA,"UBA7","NASP",NA,NA,NA,NA,NA,NA,NA,NA
"1401",NA,NA,NA,"R3HDM4","WBP2",NA,NA,NA,NA,NA,NA,NA,NA
"1402",NA,NA,NA,"DENND3","ZCCHC11",NA,NA,NA,NA,NA,NA,NA,NA
"1403",NA,NA,NA,"MRPL44","S1PR4",NA,NA,NA,NA,NA,NA,NA,NA
"1404",NA,NA,NA,"SDCBP","DNAJC19",NA,NA,NA,NA,NA,NA,NA,NA
"1405",NA,NA,NA,"ZNF721","SNX17",NA,NA,NA,NA,NA,NA,NA,NA
"1406",NA,NA,NA,"SLBP","CLK1",NA,NA,NA,NA,NA,NA,NA,NA
"1407",NA,NA,NA,"TLK1","DNAJC8",NA,NA,NA,NA,NA,NA,NA,NA
"1408",NA,NA,NA,"CCNDBP1","RBM25",NA,NA,NA,NA,NA,NA,NA,NA
"1409",NA,NA,NA,"EMG1","COMMD8",NA,NA,NA,NA,NA,NA,NA,NA
"1410",NA,NA,NA,"HADHB","MRPS21",NA,NA,NA,NA,NA,NA,NA,NA
"1411",NA,NA,NA,"RBM8A","LINC00936",NA,NA,NA,NA,NA,NA,NA,NA
"1412",NA,NA,NA,"ADD1","TRMT1",NA,NA,NA,NA,NA,NA,NA,NA
"1413",NA,NA,NA,"DEF6","SSRP1",NA,NA,NA,NA,NA,NA,NA,NA
"1414",NA,NA,NA,"DNAJA2","APOBEC3G",NA,NA,NA,NA,NA,NA,NA,NA
"1415",NA,NA,NA,"NFATC3","MECP2",NA,NA,NA,NA,NA,NA,NA,NA
"1416",NA,NA,NA,"ZMAT2","KPNB1",NA,NA,NA,NA,NA,NA,NA,NA
"1417",NA,NA,NA,"MFSD10","CALCOCO2",NA,NA,NA,NA,NA,NA,NA,NA
"1418",NA,NA,NA,"POLR1D","ZNRD1",NA,NA,NA,NA,NA,NA,NA,NA
"1419",NA,NA,NA,"TACC1","SMARCE1",NA,NA,NA,NA,NA,NA,NA,NA
"1420",NA,NA,NA,"LAMTOR1","GUCD1",NA,NA,NA,NA,NA,NA,NA,NA
"1421",NA,NA,NA,"REPIN1","VPS13C",NA,NA,NA,NA,NA,NA,NA,NA
"1422",NA,NA,NA,"SSRP1","GNB2",NA,NA,NA,NA,NA,NA,NA,NA
"1423",NA,NA,NA,"NHSL2","INTS6",NA,NA,NA,NA,NA,NA,NA,NA
"1424",NA,NA,NA,"LPIN1","CSTB",NA,NA,NA,NA,NA,NA,NA,NA
"1425",NA,NA,NA,"ARHGDIA","MT-ND4L",NA,NA,NA,NA,NA,NA,NA,NA
"1426",NA,NA,NA,"C12orf75","NSMCE1",NA,NA,NA,NA,NA,NA,NA,NA
"1427",NA,NA,NA,"RAP1B","QARS",NA,NA,NA,NA,NA,NA,NA,NA
"1428",NA,NA,NA,"U2AF2","UBE2E1",NA,NA,NA,NA,NA,NA,NA,NA
"1429",NA,NA,NA,"TRMT10C","UPF3B",NA,NA,NA,NA,NA,NA,NA,NA
"1430",NA,NA,NA,"MRPL1","HN1",NA,NA,NA,NA,NA,NA,NA,NA
"1431",NA,NA,NA,"CCNH","AFF4",NA,NA,NA,NA,NA,NA,NA,NA
"1432",NA,NA,NA,"IDH3B","SNRPB2",NA,NA,NA,NA,NA,NA,NA,NA
"1433",NA,NA,NA,"RBBP7","RPA3",NA,NA,NA,NA,NA,NA,NA,NA
"1434",NA,NA,NA,"DNTTIP2","PRPF8",NA,NA,NA,NA,NA,NA,NA,NA
"1435",NA,NA,NA,"FAM133B","PHF5A",NA,NA,NA,NA,NA,NA,NA,NA
"1436",NA,NA,NA,"SUMO1","LRMP",NA,NA,NA,NA,NA,NA,NA,NA
"1437",NA,NA,NA,"THUMPD1","SNRNP25",NA,NA,NA,NA,NA,NA,NA,NA
"1438",NA,NA,NA,"NDUFA10","RAD23A",NA,NA,NA,NA,NA,NA,NA,NA
"1439",NA,NA,NA,"ELF2","DEGS1",NA,NA,NA,NA,NA,NA,NA,NA
"1440",NA,NA,NA,"RBM26","SYNRG",NA,NA,NA,NA,NA,NA,NA,NA
"1441",NA,NA,NA,"NSUN5","YWHAQ",NA,NA,NA,NA,NA,NA,NA,NA
"1442",NA,NA,NA,"SF3A3","TMBIM4",NA,NA,NA,NA,NA,NA,NA,NA
"1443",NA,NA,NA,"CCDC85B","SOCS1",NA,NA,NA,NA,NA,NA,NA,NA
"1444",NA,NA,NA,"CPSF6","ASH1L",NA,NA,NA,NA,NA,NA,NA,NA
"1445",NA,NA,NA,"STAG2","GLRX3",NA,NA,NA,NA,NA,NA,NA,NA
"1446",NA,NA,NA,"S1PR4","EXOC7",NA,NA,NA,NA,NA,NA,NA,NA
"1447",NA,NA,NA,"TNFRSF14","TNIP1",NA,NA,NA,NA,NA,NA,NA,NA
"1448",NA,NA,NA,"VHL","MIER1",NA,NA,NA,NA,NA,NA,NA,NA
"1449",NA,NA,NA,"MKRN1","PDCD6IP",NA,NA,NA,NA,NA,NA,NA,NA
"1450",NA,NA,NA,"SSU72","RBM5",NA,NA,NA,NA,NA,NA,NA,NA
"1451",NA,NA,NA,"ERH","PPP4R3A",NA,NA,NA,NA,NA,NA,NA,NA
"1452",NA,NA,NA,"PRKD2","PPP6C",NA,NA,NA,NA,NA,NA,NA,NA
"1453",NA,NA,NA,"STX10","SF3B4",NA,NA,NA,NA,NA,NA,NA,NA
"1454",NA,NA,NA,"RNF145","NUP210",NA,NA,NA,NA,NA,NA,NA,NA
"1455",NA,NA,NA,"PTK2B","CYSLTR1",NA,NA,NA,NA,NA,NA,NA,NA
"1456",NA,NA,NA,"SZRD1","FDFT1",NA,NA,NA,NA,NA,NA,NA,NA
"1457",NA,NA,NA,"DUSP2","PSMA4",NA,NA,NA,NA,NA,NA,NA,NA
"1458",NA,NA,NA,"CCT2","PTRHD1",NA,NA,NA,NA,NA,NA,NA,NA
"1459",NA,NA,NA,"DOCK2","C7orf50",NA,NA,NA,NA,NA,NA,NA,NA
"1460",NA,NA,NA,"C19orf66","SYK",NA,NA,NA,NA,NA,NA,NA,NA
"1461",NA,NA,NA,"AC103591.3","GPBP1",NA,NA,NA,NA,NA,NA,NA,NA
"1462",NA,NA,NA,"CEBPZOS","CCT5",NA,NA,NA,NA,NA,NA,NA,NA
"1463",NA,NA,NA,"WNK1","ADD1",NA,NA,NA,NA,NA,NA,NA,NA
"1464",NA,NA,NA,"SNRPB2","EIF3I",NA,NA,NA,NA,NA,NA,NA,NA
"1465",NA,NA,NA,"AIP","NSRP1",NA,NA,NA,NA,NA,NA,NA,NA
"1466",NA,NA,NA,"FERMT3","PHF1",NA,NA,NA,NA,NA,NA,NA,NA
"1467",NA,NA,NA,"GLIPR1","PDCD2",NA,NA,NA,NA,NA,NA,NA,NA
"1468",NA,NA,NA,"ADPGK","APLP2",NA,NA,NA,NA,NA,NA,NA,NA
"1469",NA,NA,NA,"EIF4A1","TMEM60",NA,NA,NA,NA,NA,NA,NA,NA
"1470",NA,NA,NA,"ATP5A1","SNRPD3",NA,NA,NA,NA,NA,NA,NA,NA
"1471",NA,NA,NA,"DHX36","TMEM259",NA,NA,NA,NA,NA,NA,NA,NA
"1472",NA,NA,NA,"ZNHIT3","C14orf166",NA,NA,NA,NA,NA,NA,NA,NA
"1473",NA,NA,NA,"NSMCE1","PPIG",NA,NA,NA,NA,NA,NA,NA,NA
"1474",NA,NA,NA,"RGS10","HNRNPUL1",NA,NA,NA,NA,NA,NA,NA,NA
"1475",NA,NA,NA,"RBM6","RBPJ",NA,NA,NA,NA,NA,NA,NA,NA
"1476",NA,NA,NA,"ZC3HAV1","ANKRD10",NA,NA,NA,NA,NA,NA,NA,NA
"1477",NA,NA,NA,"SUSD3","CXXC5",NA,NA,NA,NA,NA,NA,NA,NA
"1478",NA,NA,NA,"CCDC88B","LY9",NA,NA,NA,NA,NA,NA,NA,NA
"1479",NA,NA,NA,"BAZ2A","ZNF75A",NA,NA,NA,NA,NA,NA,NA,NA
"1480",NA,NA,NA,"HPS1","NUBP1",NA,NA,NA,NA,NA,NA,NA,NA
"1481",NA,NA,NA,"OSER1","PDE4B",NA,NA,NA,NA,NA,NA,NA,NA
"1482",NA,NA,NA,"SNX17","PHYKPL",NA,NA,NA,NA,NA,NA,NA,NA
"1483",NA,NA,NA,"COMMD2","U2SURP",NA,NA,NA,NA,NA,NA,NA,NA
"1484",NA,NA,NA,"ANP32E","OARD1",NA,NA,NA,NA,NA,NA,NA,NA
"1485",NA,NA,NA,"LARS","TGFB1",NA,NA,NA,NA,NA,NA,NA,NA
"1486",NA,NA,NA,"LYPLA1","C1orf131",NA,NA,NA,NA,NA,NA,NA,NA
"1487",NA,NA,NA,"DBI","MRPL42",NA,NA,NA,NA,NA,NA,NA,NA
"1488",NA,NA,NA,"TKT","COMMD7",NA,NA,NA,NA,NA,NA,NA,NA
"1489",NA,NA,NA,"DIAPH1","PHIP",NA,NA,NA,NA,NA,NA,NA,NA
"1490",NA,NA,NA,"LSM2","EWSR1",NA,NA,NA,NA,NA,NA,NA,NA
"1491",NA,NA,NA,"CCDC59","BCL2",NA,NA,NA,NA,NA,NA,NA,NA
"1492",NA,NA,NA,"YWHAQ","LSM4",NA,NA,NA,NA,NA,NA,NA,NA
"1493",NA,NA,NA,"RAB14","TCP1",NA,NA,NA,NA,NA,NA,NA,NA
"1494",NA,NA,NA,"C1QBP","COMMD2",NA,NA,NA,NA,NA,NA,NA,NA
"1495",NA,NA,NA,"GLOD4","PARP10",NA,NA,NA,NA,NA,NA,NA,NA
"1496",NA,NA,NA,"CCT5","LARS",NA,NA,NA,NA,NA,NA,NA,NA
"1497",NA,NA,NA,"TMEM109","YBX3",NA,NA,NA,NA,NA,NA,NA,NA
"1498",NA,NA,NA,"LSM8","EIF1AY",NA,NA,NA,NA,NA,NA,NA,NA
"1499",NA,NA,NA,"MLLT6","HSPA1B",NA,NA,NA,NA,NA,NA,NA,NA
"1500",NA,NA,NA,"MEF2A","GABPB1",NA,NA,NA,NA,NA,NA,NA,NA
"1501",NA,NA,NA,"SOCS1","MAP4K2",NA,NA,NA,NA,NA,NA,NA,NA
"1502",NA,NA,NA,"UNC119","SLTM",NA,NA,NA,NA,NA,NA,NA,NA
"1503",NA,NA,NA,"LAMP1","NECAP2",NA,NA,NA,NA,NA,NA,NA,NA
"1504",NA,NA,NA,"CAND1","STK10",NA,NA,NA,NA,NA,NA,NA,NA
"1505",NA,NA,NA,"NR3C1","LARP7",NA,NA,NA,NA,NA,NA,NA,NA
"1506",NA,NA,NA,"RASGRP3","USP34",NA,NA,NA,NA,NA,NA,NA,NA
"1507",NA,NA,NA,"CRBN","GSTO1",NA,NA,NA,NA,NA,NA,NA,NA
"1508",NA,NA,NA,"PPP4R3A","PTP4A2",NA,NA,NA,NA,NA,NA,NA,NA
"1509",NA,NA,NA,"PEX16","CAND1",NA,NA,NA,NA,NA,NA,NA,NA
"1510",NA,NA,NA,"SVBP","BIRC2",NA,NA,NA,NA,NA,NA,NA,NA
"1511",NA,NA,NA,"CYTIP","PWP1",NA,NA,NA,NA,NA,NA,NA,NA
"1512",NA,NA,NA,"TOMM22","GABARAPL2",NA,NA,NA,NA,NA,NA,NA,NA
"1513",NA,NA,NA,"FAM195B","BIRC6",NA,NA,NA,NA,NA,NA,NA,NA
"1514",NA,NA,NA,"C19orf53","RCN2",NA,NA,NA,NA,NA,NA,NA,NA
"1515",NA,NA,NA,"CCZ1","BDP1",NA,NA,NA,NA,NA,NA,NA,NA
"1516",NA,NA,NA,"DDX54","NDUFA10",NA,NA,NA,NA,NA,NA,NA,NA
"1517",NA,NA,NA,"ANP32A","MSL3",NA,NA,NA,NA,NA,NA,NA,NA
"1518",NA,NA,NA,"VPS51","MAT2B",NA,NA,NA,NA,NA,NA,NA,NA
"1519",NA,NA,NA,"PPP2R3C","PSMB8-AS1",NA,NA,NA,NA,NA,NA,NA,NA
"1520",NA,NA,NA,"DDX39A","FUBP1",NA,NA,NA,NA,NA,NA,NA,NA
"1521",NA,NA,NA,"DNAJC7","FNTA",NA,NA,NA,NA,NA,NA,NA,NA
"1522",NA,NA,NA,"CEP57","ATP5J2",NA,NA,NA,NA,NA,NA,NA,NA
"1523",NA,NA,NA,"TOMM20","RNGTT",NA,NA,NA,NA,NA,NA,NA,NA
"1524",NA,NA,NA,"CNOT2","ATXN10",NA,NA,NA,NA,NA,NA,NA,NA
"1525",NA,NA,NA,"ARL6IP6","IL2RG",NA,NA,NA,NA,NA,NA,NA,NA
"1526",NA,NA,NA,"VPS4B","BRD4",NA,NA,NA,NA,NA,NA,NA,NA
"1527",NA,NA,NA,"OARD1","RARRES3",NA,NA,NA,NA,NA,NA,NA,NA
"1528",NA,NA,NA,"MACF1","SHFM1",NA,NA,NA,NA,NA,NA,NA,NA
"1529",NA,NA,NA,"XAF1","USE1",NA,NA,NA,NA,NA,NA,NA,NA
"1530",NA,NA,NA,"RSRC2","ZNF292",NA,NA,NA,NA,NA,NA,NA,NA
"1531",NA,NA,NA,"MRPS21","GNAI3",NA,NA,NA,NA,NA,NA,NA,NA
"1532",NA,NA,NA,"RTFDC1","CHMP3",NA,NA,NA,NA,NA,NA,NA,NA
"1533",NA,NA,NA,"RCN2","TIAL1",NA,NA,NA,NA,NA,NA,NA,NA
"1534",NA,NA,NA,"RSF1","RNF145",NA,NA,NA,NA,NA,NA,NA,NA
"1535",NA,NA,NA,"LONP2","MTCH1",NA,NA,NA,NA,NA,NA,NA,NA
"1536",NA,NA,NA,"AIMP1","TTC14",NA,NA,NA,NA,NA,NA,NA,NA
"1537",NA,NA,NA,"EWSR1","TROVE2",NA,NA,NA,NA,NA,NA,NA,NA
"1538",NA,NA,NA,"NDUFB1","AFTPH",NA,NA,NA,NA,NA,NA,NA,NA
"1539",NA,NA,NA,"MIF4GD","STXBP2",NA,NA,NA,NA,NA,NA,NA,NA
"1540",NA,NA,NA,"DCP2","DAP3",NA,NA,NA,NA,NA,NA,NA,NA
"1541",NA,NA,NA,"SMG1","HPCAL1",NA,NA,NA,NA,NA,NA,NA,NA
"1542",NA,NA,NA,"NFKBIE","CEP57",NA,NA,NA,NA,NA,NA,NA,NA
"1543",NA,NA,NA,"USP34","CTSZ",NA,NA,NA,NA,NA,NA,NA,NA
"1544",NA,NA,NA,"VPS28","KMT2A",NA,NA,NA,NA,NA,NA,NA,NA
"1545",NA,NA,NA,"YME1L1","IMP3",NA,NA,NA,NA,NA,NA,NA,NA
"1546",NA,NA,NA,"C9orf78","SAMD9",NA,NA,NA,NA,NA,NA,NA,NA
"1547",NA,NA,NA,"GON4L","UNC93B1",NA,NA,NA,NA,NA,NA,NA,NA
"1548",NA,NA,NA,"HNRNPUL1","WHSC1L1",NA,NA,NA,NA,NA,NA,NA,NA
"1549",NA,NA,NA,"SLC25A38","PTPN7",NA,NA,NA,NA,NA,NA,NA,NA
"1550",NA,NA,NA,"TBCB","NOP56",NA,NA,NA,NA,NA,NA,NA,NA
"1551",NA,NA,NA,"UGP2","USF2",NA,NA,NA,NA,NA,NA,NA,NA
"1552",NA,NA,NA,"JUND","BCLAF1",NA,NA,NA,NA,NA,NA,NA,NA
"1553",NA,NA,NA,"RUNX3","CYTH4",NA,NA,NA,NA,NA,NA,NA,NA
"1554",NA,NA,NA,"RBM5","HNRNPH2",NA,NA,NA,NA,NA,NA,NA,NA
"1555",NA,NA,NA,"HSPH1","OXLD1",NA,NA,NA,NA,NA,NA,NA,NA
"1556",NA,NA,NA,"CBWD5","NEMF",NA,NA,NA,NA,NA,NA,NA,NA
"1557",NA,NA,NA,"SPG7","MIEN1",NA,NA,NA,NA,NA,NA,NA,NA
"1558",NA,NA,NA,"MAX","BTF3L4",NA,NA,NA,NA,NA,NA,NA,NA
"1559",NA,NA,NA,"TARDBP","ATF7IP2",NA,NA,NA,NA,NA,NA,NA,NA
"1560",NA,NA,NA,"PWP1","NELFCD",NA,NA,NA,NA,NA,NA,NA,NA
"1561",NA,NA,NA,"MECP2","C5orf15",NA,NA,NA,NA,NA,NA,NA,NA
"1562",NA,NA,NA,"SHKBP1","SNHG15",NA,NA,NA,NA,NA,NA,NA,NA
"1563",NA,NA,NA,"DDT","THUMPD1",NA,NA,NA,NA,NA,NA,NA,NA
"1564",NA,NA,NA,"THOC2","LSM5",NA,NA,NA,NA,NA,NA,NA,NA
"1565",NA,NA,NA,"PSMB10","HPS1",NA,NA,NA,NA,NA,NA,NA,NA
"1566",NA,NA,NA,"MRPL11","COX19",NA,NA,NA,NA,NA,NA,NA,NA
"1567",NA,NA,NA,"TAGAP","EIF4E",NA,NA,NA,NA,NA,NA,NA,NA
"1568",NA,NA,NA,"CCDC91","CNIH1",NA,NA,NA,NA,NA,NA,NA,NA
"1569",NA,NA,NA,"LINC00493","LMBRD1",NA,NA,NA,NA,NA,NA,NA,NA
"1570",NA,NA,NA,"MAF1","CHCHD10",NA,NA,NA,NA,NA,NA,NA,NA
"1571",NA,NA,NA,"PRPF38A","RFC1",NA,NA,NA,NA,NA,NA,NA,NA
"1572",NA,NA,NA,"SUPT16H","COX20",NA,NA,NA,NA,NA,NA,NA,NA
"1573",NA,NA,NA,"IK","MFNG",NA,NA,NA,NA,NA,NA,NA,NA
"1574",NA,NA,NA,"ZCCHC10","RNF213",NA,NA,NA,NA,NA,NA,NA,NA
"1575",NA,NA,NA,"SPINT2","MOB3A",NA,NA,NA,NA,NA,NA,NA,NA
"1576",NA,NA,NA,"GPATCH8","TMEM109",NA,NA,NA,NA,NA,NA,NA,NA
"1577",NA,NA,NA,"HEXA","MAPK1IP1L",NA,NA,NA,NA,NA,NA,NA,NA
"1578",NA,NA,NA,"TSC22D4","ATF1",NA,NA,NA,NA,NA,NA,NA,NA
"1579",NA,NA,NA,"ITGB1","SS18L2",NA,NA,NA,NA,NA,NA,NA,NA
"1580",NA,NA,NA,"SMU1","RTN4",NA,NA,NA,NA,NA,NA,NA,NA
"1581",NA,NA,NA,"AFF4","HSD17B11",NA,NA,NA,NA,NA,NA,NA,NA
"1582",NA,NA,NA,"LYST","ZFP36",NA,NA,NA,NA,NA,NA,NA,NA
"1583",NA,NA,NA,"PTEN","WBP11",NA,NA,NA,NA,NA,NA,NA,NA
"1584",NA,NA,NA,"ZDHHC6","MAF1",NA,NA,NA,NA,NA,NA,NA,NA
"1585",NA,NA,NA,"CHMP3","DDX46",NA,NA,NA,NA,NA,NA,NA,NA
"1586",NA,NA,NA,"UBE2E1","ILF3-AS1",NA,NA,NA,NA,NA,NA,NA,NA
"1587",NA,NA,NA,"MFNG","CCDC59",NA,NA,NA,NA,NA,NA,NA,NA
"1588",NA,NA,NA,"CD164","NUTM2B-AS1",NA,NA,NA,NA,NA,NA,NA,NA
"1589",NA,NA,NA,"TADA3","RBM4",NA,NA,NA,NA,NA,NA,NA,NA
"1590",NA,NA,NA,"IGBP1","LINC00493",NA,NA,NA,NA,NA,NA,NA,NA
"1591",NA,NA,NA,"MIS18BP1","MED10",NA,NA,NA,NA,NA,NA,NA,NA
"1592",NA,NA,NA,"CBR4","CD99",NA,NA,NA,NA,NA,NA,NA,NA
"1593",NA,NA,NA,"CYB5B","LIPA",NA,NA,NA,NA,NA,NA,NA,NA
"1594",NA,NA,NA,"C15orf57","TMX1",NA,NA,NA,NA,NA,NA,NA,NA
"1595",NA,NA,NA,"SRRM2","SRI",NA,NA,NA,NA,NA,NA,NA,NA
"1596",NA,NA,NA,"WAC","TNFRSF14",NA,NA,NA,NA,NA,NA,NA,NA
"1597",NA,NA,NA,"NSMCE3","ATP2A3",NA,NA,NA,NA,NA,NA,NA,NA
"1598",NA,NA,NA,"SS18","M6PR",NA,NA,NA,NA,NA,NA,NA,NA
"1599",NA,NA,NA,"APLP2","RFTN1",NA,NA,NA,NA,NA,NA,NA,NA
"1600",NA,NA,NA,"LHPP","FERMT3",NA,NA,NA,NA,NA,NA,NA,NA
"1601",NA,NA,NA,"PHTF2","POLR3K",NA,NA,NA,NA,NA,NA,NA,NA
"1602",NA,NA,NA,"RPL22L1","PFDN4",NA,NA,NA,NA,NA,NA,NA,NA
"1603",NA,NA,NA,"PIGC","SRRM2",NA,NA,NA,NA,NA,NA,NA,NA
"1604",NA,NA,NA,"CYTH4","ZNF638",NA,NA,NA,NA,NA,NA,NA,NA
"1605",NA,NA,NA,"HNRNPH2","NDUFB2",NA,NA,NA,NA,NA,NA,NA,NA
"1606",NA,NA,NA,"UNC93B1","SECISBP2",NA,NA,NA,NA,NA,NA,NA,NA
"1607",NA,NA,NA,"RNF139","EPSTI1",NA,NA,NA,NA,NA,NA,NA,NA
"1608",NA,NA,NA,"TSN","PSMA2",NA,NA,NA,NA,NA,NA,NA,NA
"1609",NA,NA,NA,"GRK6","ATIC",NA,NA,NA,NA,NA,NA,NA,NA
"1610",NA,NA,NA,"UQCRC2","SELENOH",NA,NA,NA,NA,NA,NA,NA,NA
"1611",NA,NA,NA,"AHSA1","PLCG2",NA,NA,NA,NA,NA,NA,NA,NA
"1612",NA,NA,NA,"KARS","YWHAH",NA,NA,NA,NA,NA,NA,NA,NA
"1613",NA,NA,NA,"LLPH","PRKDC",NA,NA,NA,NA,NA,NA,NA,NA
"1614",NA,NA,NA,"ADSS","EIF4A1",NA,NA,NA,NA,NA,NA,NA,NA
"1615",NA,NA,NA,"AMD1","PRPF40A",NA,NA,NA,NA,NA,NA,NA,NA
"1616",NA,NA,NA,"DNAJC10","ANKRD11",NA,NA,NA,NA,NA,NA,NA,NA
"1617",NA,NA,NA,"BNIP2","TRIR",NA,NA,NA,NA,NA,NA,NA,NA
"1618",NA,NA,NA,"USP8","SDHAF2",NA,NA,NA,NA,NA,NA,NA,NA
"1619",NA,NA,NA,"C19orf25","SMCHD1",NA,NA,NA,NA,NA,NA,NA,NA
"1620",NA,NA,NA,"EVI2A","FBXO7",NA,NA,NA,NA,NA,NA,NA,NA
"1621",NA,NA,NA,"PIAS1","TERF2IP",NA,NA,NA,NA,NA,NA,NA,NA
"1622",NA,NA,NA,"SSBP1","NT5C3A",NA,NA,NA,NA,NA,NA,NA,NA
"1623",NA,NA,NA,"ZRSR2","ATRX",NA,NA,NA,NA,NA,NA,NA,NA
"1624",NA,NA,NA,"AATF","CEBPZ",NA,NA,NA,NA,NA,NA,NA,NA
"1625",NA,NA,NA,"RACK1","RNF141",NA,NA,NA,NA,NA,NA,NA,NA
"1626",NA,NA,NA,"PTBP3","GPCPD1",NA,NA,NA,NA,NA,NA,NA,NA
"1627",NA,NA,NA,"RPF1","DGUOK",NA,NA,NA,NA,NA,NA,NA,NA
"1628",NA,NA,NA,"CHORDC1","RABEP2",NA,NA,NA,NA,NA,NA,NA,NA
"1629",NA,NA,NA,"PPP1R2","FAM96A",NA,NA,NA,NA,NA,NA,NA,NA
"1630",NA,NA,NA,"BRD4","DNAJC10",NA,NA,NA,NA,NA,NA,NA,NA
"1631",NA,NA,NA,"GNAS","TSPYL2",NA,NA,NA,NA,NA,NA,NA,NA
"1632",NA,NA,NA,"RTCB","FAM107B",NA,NA,NA,NA,NA,NA,NA,NA
"1633",NA,NA,NA,"TGOLN2","FIBP",NA,NA,NA,NA,NA,NA,NA,NA
"1634",NA,NA,NA,"NCOA4","PRPF31",NA,NA,NA,NA,NA,NA,NA,NA
"1635",NA,NA,NA,"NCBP2","HSPA1A",NA,NA,NA,NA,NA,NA,NA,NA
"1636",NA,NA,NA,"TMUB2","OXA1L",NA,NA,NA,NA,NA,NA,NA,NA
"1637",NA,NA,NA,"KDM5A","CHTF8",NA,NA,NA,NA,NA,NA,NA,NA
"1638",NA,NA,NA,"PSMA2","DDAH2",NA,NA,NA,NA,NA,NA,NA,NA
"1639",NA,NA,NA,"TNRC6A","CHMP7",NA,NA,NA,NA,NA,NA,NA,NA
"1640",NA,NA,NA,"NSRP1","TOX4",NA,NA,NA,NA,NA,NA,NA,NA
"1641",NA,NA,NA,"MRPS35","ECHDC1",NA,NA,NA,NA,NA,NA,NA,NA
"1642",NA,NA,NA,"DNAJC8","RRP7A",NA,NA,NA,NA,NA,NA,NA,NA
"1643",NA,NA,NA,"MKNK2","PUF60",NA,NA,NA,NA,NA,NA,NA,NA
"1644",NA,NA,NA,"PPP2R2A","TKT",NA,NA,NA,NA,NA,NA,NA,NA
"1645",NA,NA,NA,"WBP11","CCT6A",NA,NA,NA,NA,NA,NA,NA,NA
"1646",NA,NA,NA,"AL928768.3","CCNDBP1",NA,NA,NA,NA,NA,NA,NA,NA
"1647",NA,NA,NA,"TNIP2","RP1-313I6.12",NA,NA,NA,NA,NA,NA,NA,NA
"1648",NA,NA,NA,"GNAI2","JUND",NA,NA,NA,NA,NA,NA,NA,NA
"1649",NA,NA,NA,"HECTD1","RNF139",NA,NA,NA,NA,NA,NA,NA,NA
"1650",NA,NA,NA,"MARCH7","PYURF",NA,NA,NA,NA,NA,NA,NA,NA
"1651",NA,NA,NA,"ATP1A1","LY6E",NA,NA,NA,NA,NA,NA,NA,NA
"1652",NA,NA,NA,"NAAA","IK",NA,NA,NA,NA,NA,NA,NA,NA
"1653",NA,NA,NA,"ZNF800","CACYBP",NA,NA,NA,NA,NA,NA,NA,NA
"1654",NA,NA,NA,"GLUD1","RAB8A",NA,NA,NA,NA,NA,NA,NA,NA
"1655",NA,NA,NA,"C4orf3","TACC1",NA,NA,NA,NA,NA,NA,NA,NA
"1656",NA,NA,NA,"ABCE1","PYCARD",NA,NA,NA,NA,NA,NA,NA,NA
"1657",NA,NA,NA,"LIPA","NXT1",NA,NA,NA,NA,NA,NA,NA,NA
"1658",NA,NA,NA,"SUCLG2","MARCKS",NA,NA,NA,NA,NA,NA,NA,NA
"1659",NA,NA,NA,"CDC42EP3","LSM2",NA,NA,NA,NA,NA,NA,NA,NA
"1660",NA,NA,NA,"PARP10","CAPZA2",NA,NA,NA,NA,NA,NA,NA,NA
"1661",NA,NA,NA,"CD99","CRIP1",NA,NA,NA,NA,NA,NA,NA,NA
"1662",NA,NA,NA,"NIPBL","DNTTIP2",NA,NA,NA,NA,NA,NA,NA,NA
"1663",NA,NA,NA,"SDHAF2","VPS28",NA,NA,NA,NA,NA,NA,NA,NA
"1664",NA,NA,NA,"C9orf142","NR1H2",NA,NA,NA,NA,NA,NA,NA,NA
"1665",NA,NA,NA,"OXA1L","CCL5",NA,NA,NA,NA,NA,NA,NA,NA
"1666",NA,NA,NA,"TPP1","BSDC1",NA,NA,NA,NA,NA,NA,NA,NA
"1667",NA,NA,NA,"RPA3","GRK6",NA,NA,NA,NA,NA,NA,NA,NA
"1668",NA,NA,NA,"MZT2A","SNRPN",NA,NA,NA,NA,NA,NA,NA,NA
"1669",NA,NA,NA,"EAPP","PFDN1",NA,NA,NA,NA,NA,NA,NA,NA
"1670",NA,NA,NA,"RAD21","MIDN",NA,NA,NA,NA,NA,NA,NA,NA
"1671",NA,NA,NA,"PMPCB","PITHD1",NA,NA,NA,NA,NA,NA,NA,NA
"1672",NA,NA,NA,"PRPF6","COA1",NA,NA,NA,NA,NA,NA,NA,NA
"1673",NA,NA,NA,"HPRT1","LPXN",NA,NA,NA,NA,NA,NA,NA,NA
"1674",NA,NA,NA,"CHD4","MYO9B",NA,NA,NA,NA,NA,NA,NA,NA
"1675",NA,NA,NA,"RGS2","ARHGDIA",NA,NA,NA,NA,NA,NA,NA,NA
"1676",NA,NA,NA,"DYNC1I2","MOAP1",NA,NA,NA,NA,NA,NA,NA,NA
"1677",NA,NA,NA,"ARID1A","TANK",NA,NA,NA,NA,NA,NA,NA,NA
"1678",NA,NA,NA,"PTPRA","CCT8",NA,NA,NA,NA,NA,NA,NA,NA
"1679",NA,NA,NA,"VAMP8","TMEM165",NA,NA,NA,NA,NA,NA,NA,NA
"1680",NA,NA,NA,"PDCD7","ITGA4",NA,NA,NA,NA,NA,NA,NA,NA
"1681",NA,NA,NA,"IFNGR2","PSMG2",NA,NA,NA,NA,NA,NA,NA,NA
"1682",NA,NA,NA,"HAUS1","YTHDC1",NA,NA,NA,NA,NA,NA,NA,NA
"1683",NA,NA,NA,"DCAF7","EIF6",NA,NA,NA,NA,NA,NA,NA,NA
"1684",NA,NA,NA,"MICU2","ATP5MC2",NA,NA,NA,NA,NA,NA,NA,NA
"1685",NA,NA,NA,"GTF2I","FKBP8",NA,NA,NA,NA,NA,NA,NA,NA
"1686",NA,NA,NA,"COMMD8","FCGR2B",NA,NA,NA,NA,NA,NA,NA,NA
"1687",NA,NA,NA,"TSPAN13","NCBP2",NA,NA,NA,NA,NA,NA,NA,NA
"1688",NA,NA,NA,"PEA15","BAX",NA,NA,NA,NA,NA,NA,NA,NA
"1689",NA,NA,NA,"SPOCK2","UBA3",NA,NA,NA,NA,NA,NA,NA,NA
"1690",NA,NA,NA,"CCDC50","TRIM44",NA,NA,NA,NA,NA,NA,NA,NA
"1691",NA,NA,NA,"ECH1","CAST",NA,NA,NA,NA,NA,NA,NA,NA
"1692",NA,NA,NA,"PPP1CB","PRPF4B",NA,NA,NA,NA,NA,NA,NA,NA
"1693",NA,NA,NA,"PSMA4","DNAJB6",NA,NA,NA,NA,NA,NA,NA,NA
"1694",NA,NA,NA,"CREBRF","POLE3",NA,NA,NA,NA,NA,NA,NA,NA
"1695",NA,NA,NA,"ZNF394","LYRM1",NA,NA,NA,NA,NA,NA,NA,NA
"1696",NA,NA,NA,"SF3B4",NA,NA,NA,NA,NA,NA,NA,NA,NA
"1697",NA,NA,NA,"GNB2",NA,NA,NA,NA,NA,NA,NA,NA,NA
"1698",NA,NA,NA,"SEC62",NA,NA,NA,NA,NA,NA,NA,NA,NA
"1699",NA,NA,NA,"YPEL3",NA,NA,NA,NA,NA,NA,NA,NA,NA
"1700",NA,NA,NA,"PFDN1",NA,NA,NA,NA,NA,NA,NA,NA,NA
"1701",NA,NA,NA,"TROVE2",NA,NA,NA,NA,NA,NA,NA,NA,NA
"1702",NA,NA,NA,"ATG12",NA,NA,NA,NA,NA,NA,NA,NA,NA
"1703",NA,NA,NA,"RTN4",NA,NA,NA,NA,NA,NA,NA,NA,NA
"1704",NA,NA,NA,"PFDN4",NA,NA,NA,NA,NA,NA,NA,NA,NA
"1705",NA,NA,NA,"SRPK2",NA,NA,NA,NA,NA,NA,NA,NA,NA
"1706",NA,NA,NA,"CAPN1",NA,NA,NA,NA,NA,NA,NA,NA,NA
"1707",NA,NA,NA,"NUP210",NA,NA,NA,NA,NA,NA,NA,NA,NA
"1708",NA,NA,NA,"WDR77",NA,NA,NA,NA,NA,NA,NA,NA,NA
"1709",NA,NA,NA,"PHIP",NA,NA,NA,NA,NA,NA,NA,NA,NA
"1710",NA,NA,NA,"SRI",NA,NA,NA,NA,NA,NA,NA,NA,NA
"1711",NA,NA,NA,"YPEL5",NA,NA,NA,NA,NA,NA,NA,NA,NA
"1712",NA,NA,NA,"ILF3",NA,NA,NA,NA,NA,NA,NA,NA,NA
"1713",NA,NA,NA,"HMGB2",NA,NA,NA,NA,NA,NA,NA,NA,NA
"1714",NA,NA,NA,"NDUFA13",NA,NA,NA,NA,NA,NA,NA,NA,NA
"1715",NA,NA,NA,"METAP2",NA,NA,NA,NA,NA,NA,NA,NA,NA
"1716",NA,NA,NA,"NCOA3",NA,NA,NA,NA,NA,NA,NA,NA,NA
"1717",NA,NA,NA,"TLE3",NA,NA,NA,NA,NA,NA,NA,NA,NA
"1718",NA,NA,NA,"CALM1",NA,NA,NA,NA,NA,NA,NA,NA,NA
"1719",NA,NA,NA,"PRKAR1A",NA,NA,NA,NA,NA,NA,NA,NA,NA
"1720",NA,NA,NA,"RAB11A",NA,NA,NA,NA,NA,NA,NA,NA,NA
"1721",NA,NA,NA,"NDUFB8",NA,NA,NA,NA,NA,NA,NA,NA,NA
"1722",NA,NA,NA,"DR1",NA,NA,NA,NA,NA,NA,NA,NA,NA
"1723",NA,NA,NA,"REXO4",NA,NA,NA,NA,NA,NA,NA,NA,NA
"1724",NA,NA,NA,"SLTM",NA,NA,NA,NA,NA,NA,NA,NA,NA
"1725",NA,NA,NA,"RASSF5",NA,NA,NA,NA,NA,NA,NA,NA,NA
"1726",NA,NA,NA,"ATP2A3",NA,NA,NA,NA,NA,NA,NA,NA,NA
"1727",NA,NA,NA,"PSMA1",NA,NA,NA,NA,NA,NA,NA,NA,NA
"1728",NA,NA,NA,"LINC01420",NA,NA,NA,NA,NA,NA,NA,NA,NA
"1729",NA,NA,NA,"CD55",NA,NA,NA,NA,NA,NA,NA,NA,NA
"1730",NA,NA,NA,"CEBPZ",NA,NA,NA,NA,NA,NA,NA,NA,NA
"1731",NA,NA,NA,"PHF3",NA,NA,NA,NA,NA,NA,NA,NA,NA
"1732",NA,NA,NA,"MINOS1",NA,NA,NA,NA,NA,NA,NA,NA,NA
"1733",NA,NA,NA,"RNF19A",NA,NA,NA,NA,NA,NA,NA,NA,NA
"1734",NA,NA,NA,"DEGS1",NA,NA,NA,NA,NA,NA,NA,NA,NA
"1735",NA,NA,NA,"LYRM1",NA,NA,NA,NA,NA,NA,NA,NA,NA
"1736",NA,NA,NA,"PRPF8",NA,NA,NA,NA,NA,NA,NA,NA,NA
"1737",NA,NA,NA,"BORCS7",NA,NA,NA,NA,NA,NA,NA,NA,NA
"1738",NA,NA,NA,"CNOT4",NA,NA,NA,NA,NA,NA,NA,NA,NA
"1739",NA,NA,NA,"DNMT1",NA,NA,NA,NA,NA,NA,NA,NA,NA
"1740",NA,NA,NA,"USP22",NA,NA,NA,NA,NA,NA,NA,NA,NA
"1741",NA,NA,NA,"C5orf15",NA,NA,NA,NA,NA,NA,NA,NA,NA
"1742",NA,NA,NA,"SNRNP200",NA,NA,NA,NA,NA,NA,NA,NA,NA
"1743",NA,NA,NA,"VRK3",NA,NA,NA,NA,NA,NA,NA,NA,NA
"1744",NA,NA,NA,"NOB1",NA,NA,NA,NA,NA,NA,NA,NA,NA
"1745",NA,NA,NA,"P2RY8",NA,NA,NA,NA,NA,NA,NA,NA,NA
"1746",NA,NA,NA,"ATP5C1",NA,NA,NA,NA,NA,NA,NA,NA,NA
"1747",NA,NA,NA,"PKN1",NA,NA,NA,NA,NA,NA,NA,NA,NA
"1748",NA,NA,NA,"NCBP2-AS2",NA,NA,NA,NA,NA,NA,NA,NA,NA
"1749",NA,NA,NA,"RNF216",NA,NA,NA,NA,NA,NA,NA,NA,NA
"1750",NA,NA,NA,"BIN2",NA,NA,NA,NA,NA,NA,NA,NA,NA
"1751",NA,NA,NA,"MZT2B",NA,NA,NA,NA,NA,NA,NA,NA,NA
"1752",NA,NA,NA,"KRR1",NA,NA,NA,NA,NA,NA,NA,NA,NA
"1753",NA,NA,NA,"RBM22",NA,NA,NA,NA,NA,NA,NA,NA,NA
"1754",NA,NA,NA,"DDX3X",NA,NA,NA,NA,NA,NA,NA,NA,NA
"1755",NA,NA,NA,"LETMD1",NA,NA,NA,NA,NA,NA,NA,NA,NA
"1756",NA,NA,NA,"ASH1L",NA,NA,NA,NA,NA,NA,NA,NA,NA
"1757",NA,NA,NA,"CSNK2B",NA,NA,NA,NA,NA,NA,NA,NA,NA
"1758",NA,NA,NA,"IRF9",NA,NA,NA,NA,NA,NA,NA,NA,NA
"1759",NA,NA,NA,"FCHSD2",NA,NA,NA,NA,NA,NA,NA,NA,NA
"1760",NA,NA,NA,"POLR2B",NA,NA,NA,NA,NA,NA,NA,NA,NA
"1761",NA,NA,NA,"ADAM19",NA,NA,NA,NA,NA,NA,NA,NA,NA
"1762",NA,NA,NA,"FXR1",NA,NA,NA,NA,NA,NA,NA,NA,NA
"1763",NA,NA,NA,"RAB29",NA,NA,NA,NA,NA,NA,NA,NA,NA
"1764",NA,NA,NA,"SNRPD3",NA,NA,NA,NA,NA,NA,NA,NA,NA
"1765",NA,NA,NA,"C6orf62",NA,NA,NA,NA,NA,NA,NA,NA,NA
"1766",NA,NA,NA,"RHOT2",NA,NA,NA,NA,NA,NA,NA,NA,NA
"1767",NA,NA,NA,"SNRPD1",NA,NA,NA,NA,NA,NA,NA,NA,NA
"1768",NA,NA,NA,"SMC3",NA,NA,NA,NA,NA,NA,NA,NA,NA
"1769",NA,NA,NA,"PAPOLA",NA,NA,NA,NA,NA,NA,NA,NA,NA
"1770",NA,NA,NA,"RSBN1",NA,NA,NA,NA,NA,NA,NA,NA,NA
"1771",NA,NA,NA,"BIRC6",NA,NA,NA,NA,NA,NA,NA,NA,NA
"1772",NA,NA,NA,"NFKBIA",NA,NA,NA,NA,NA,NA,NA,NA,NA
"1773",NA,NA,NA,"ARL2",NA,NA,NA,NA,NA,NA,NA,NA,NA
"1774",NA,NA,NA,"SYNE1",NA,NA,NA,NA,NA,NA,NA,NA,NA
"1775",NA,NA,NA,"TRMT1",NA,NA,NA,NA,NA,NA,NA,NA,NA
"1776",NA,NA,NA,"PPM1B",NA,NA,NA,NA,NA,NA,NA,NA,NA
"1777",NA,NA,NA,"GPCPD1",NA,NA,NA,NA,NA,NA,NA,NA,NA
"1778",NA,NA,NA,"SAFB",NA,NA,NA,NA,NA,NA,NA,NA,NA
"1779",NA,NA,NA,"RNF187",NA,NA,NA,NA,NA,NA,NA,NA,NA
"1780",NA,NA,NA,"NUDT1",NA,NA,NA,NA,NA,NA,NA,NA,NA
"1781",NA,NA,NA,"RAB7A",NA,NA,NA,NA,NA,NA,NA,NA,NA
"1782",NA,NA,NA,"CBX7",NA,NA,NA,NA,NA,NA,NA,NA,NA
"1783",NA,NA,NA,"GABARAPL2",NA,NA,NA,NA,NA,NA,NA,NA,NA
"1784",NA,NA,NA,"ASCC2",NA,NA,NA,NA,NA,NA,NA,NA,NA
"1785",NA,NA,NA,"YTHDC1",NA,NA,NA,NA,NA,NA,NA,NA,NA
"1786",NA,NA,NA,"CCT6A",NA,NA,NA,NA,NA,NA,NA,NA,NA
"1787",NA,NA,NA,"PARK7",NA,NA,NA,NA,NA,NA,NA,NA,NA
"1788",NA,NA,NA,"IAH1",NA,NA,NA,NA,NA,NA,NA,NA,NA
"1789",NA,NA,NA,"PPIL3",NA,NA,NA,NA,NA,NA,NA,NA,NA
"1790",NA,NA,NA,"BCL7B",NA,NA,NA,NA,NA,NA,NA,NA,NA
"1791",NA,NA,NA,"TLE4",NA,NA,NA,NA,NA,NA,NA,NA,NA
"1792",NA,NA,NA,"TSNAX",NA,NA,NA,NA,NA,NA,NA,NA,NA
"1793",NA,NA,NA,"CDC37",NA,NA,NA,NA,NA,NA,NA,NA,NA
"1794",NA,NA,NA,"COMMD7",NA,NA,NA,NA,NA,NA,NA,NA,NA
"1795",NA,NA,NA,"GTF2H5",NA,NA,NA,NA,NA,NA,NA,NA,NA
"1796",NA,NA,NA,"MPHOSPH8",NA,NA,NA,NA,NA,NA,NA,NA,NA
"1797",NA,NA,NA,"PRPF4B",NA,NA,NA,NA,NA,NA,NA,NA,NA
"1798",NA,NA,NA,"PPIH",NA,NA,NA,NA,NA,NA,NA,NA,NA
"1799",NA,NA,NA,"SYNRG",NA,NA,NA,NA,NA,NA,NA,NA,NA
"1800",NA,NA,NA,"ZNF24",NA,NA,NA,NA,NA,NA,NA,NA,NA
"1801",NA,NA,NA,"RPAIN",NA,NA,NA,NA,NA,NA,NA,NA,NA
"1802",NA,NA,NA,"NSL1",NA,NA,NA,NA,NA,NA,NA,NA,NA
"1803",NA,NA,NA,"PA2G4",NA,NA,NA,NA,NA,NA,NA,NA,NA
"1804",NA,NA,NA,"PPP2R1A",NA,NA,NA,NA,NA,NA,NA,NA,NA
"1805",NA,NA,NA,"COX19",NA,NA,NA,NA,NA,NA,NA,NA,NA
"1806",NA,NA,NA,"SDCCAG8",NA,NA,NA,NA,NA,NA,NA,NA,NA
"1807",NA,NA,NA,"IRF1",NA,NA,NA,NA,NA,NA,NA,NA,NA
"1808",NA,NA,NA,"UBA6",NA,NA,NA,NA,NA,NA,NA,NA,NA
"1809",NA,NA,NA,"DDX50",NA,NA,NA,NA,NA,NA,NA,NA,NA
"1810",NA,NA,NA,"CPNE1",NA,NA,NA,NA,NA,NA,NA,NA,NA
"1811",NA,NA,NA,"POLK",NA,NA,NA,NA,NA,NA,NA,NA,NA
"1812",NA,NA,NA,"PPP4C",NA,NA,NA,NA,NA,NA,NA,NA,NA
"1813",NA,NA,NA,"CBFB",NA,NA,NA,NA,NA,NA,NA,NA,NA
"1814",NA,NA,NA,"ARID4A",NA,NA,NA,NA,NA,NA,NA,NA,NA
"1815",NA,NA,NA,"G3BP2",NA,NA,NA,NA,NA,NA,NA,NA,NA
"1816",NA,NA,NA,"CHMP1A",NA,NA,NA,NA,NA,NA,NA,NA,NA
"1817",NA,NA,NA,"CNOT8",NA,NA,NA,NA,NA,NA,NA,NA,NA
"1818",NA,NA,NA,"WAPL",NA,NA,NA,NA,NA,NA,NA,NA,NA
"1819",NA,NA,NA,"ATP5EP2",NA,NA,NA,NA,NA,NA,NA,NA,NA
"1820",NA,NA,NA,"SF3B2",NA,NA,NA,NA,NA,NA,NA,NA,NA
"1821",NA,NA,NA,"BRIX1",NA,NA,NA,NA,NA,NA,NA,NA,NA
"1822",NA,NA,NA,"KCNN4",NA,NA,NA,NA,NA,NA,NA,NA,NA
"1823",NA,NA,NA,"SNX6",NA,NA,NA,NA,NA,NA,NA,NA,NA
"1824",NA,NA,NA,"CCT8",NA,NA,NA,NA,NA,NA,NA,NA,NA
"1825",NA,NA,NA,"HSPE1",NA,NA,NA,NA,NA,NA,NA,NA,NA
"1826",NA,NA,NA,"CLASRP",NA,NA,NA,NA,NA,NA,NA,NA,NA
"1827",NA,NA,NA,"INTS6",NA,NA,NA,NA,NA,NA,NA,NA,NA
"1828",NA,NA,NA,"H2AFY",NA,NA,NA,NA,NA,NA,NA,NA,NA
"1829",NA,NA,NA,"NGDN",NA,NA,NA,NA,NA,NA,NA,NA,NA
"1830",NA,NA,NA,"RRP7A",NA,NA,NA,NA,NA,NA,NA,NA,NA
"1831",NA,NA,NA,"CHRAC1",NA,NA,NA,NA,NA,NA,NA,NA,NA
"1832",NA,NA,NA,"YBX3",NA,NA,NA,NA,NA,NA,NA,NA,NA
"1833",NA,NA,NA,"RAP2C",NA,NA,NA,NA,NA,NA,NA,NA,NA
"1834",NA,NA,NA,"ATP5G3",NA,NA,NA,NA,NA,NA,NA,NA,NA
"1835",NA,NA,NA,"EFCAB14",NA,NA,NA,NA,NA,NA,NA,NA,NA
"1836",NA,NA,NA,"TRIM44",NA,NA,NA,NA,NA,NA,NA,NA,NA
"1837",NA,NA,NA,"ZC3H13",NA,NA,NA,NA,NA,NA,NA,NA,NA
"1838",NA,NA,NA,"CTDSP1",NA,NA,NA,NA,NA,NA,NA,NA,NA
"1839",NA,NA,NA,"RABGAP1L",NA,NA,NA,NA,NA,NA,NA,NA,NA
"1840",NA,NA,NA,"DAXX",NA,NA,NA,NA,NA,NA,NA,NA,NA
"1841",NA,NA,NA,"MAGOH",NA,NA,NA,NA,NA,NA,NA,NA,NA
"1842",NA,NA,NA,"HSD17B11",NA,NA,NA,NA,NA,NA,NA,NA,NA
"1843",NA,NA,NA,"BTN2A2",NA,NA,NA,NA,NA,NA,NA,NA,NA
"1844",NA,NA,NA,"YDJC",NA,NA,NA,NA,NA,NA,NA,NA,NA
"1845",NA,NA,NA,"XPO1",NA,NA,NA,NA,NA,NA,NA,NA,NA
"1846",NA,NA,NA,"EIF6",NA,NA,NA,NA,NA,NA,NA,NA,NA
"1847",NA,NA,NA,"MED6",NA,NA,NA,NA,NA,NA,NA,NA,NA
"1848",NA,NA,NA,"TERF1",NA,NA,NA,NA,NA,NA,NA,NA,NA
"1849",NA,NA,NA,"LPXN",NA,NA,NA,NA,NA,NA,NA,NA,NA
"1850",NA,NA,NA,"SRP9",NA,NA,NA,NA,NA,NA,NA,NA,NA
"1851",NA,NA,NA,"CH17-373J23.1",NA,NA,NA,NA,NA,NA,NA,NA,NA
"1852",NA,NA,NA,"CHD2",NA,NA,NA,NA,NA,NA,NA,NA,NA
"1853",NA,NA,NA,"ATP5H",NA,NA,NA,NA,NA,NA,NA,NA,NA
"1854",NA,NA,NA,"MIDN",NA,NA,NA,NA,NA,NA,NA,NA,NA
"1855",NA,NA,NA,"PDCD2",NA,NA,NA,NA,NA,NA,NA,NA,NA
"1856",NA,NA,NA,"SNRNP40",NA,NA,NA,NA,NA,NA,NA,NA,NA
"1857",NA,NA,NA,"RBCK1",NA,NA,NA,NA,NA,NA,NA,NA,NA
"1858",NA,NA,NA,"POLR3GL",NA,NA,NA,NA,NA,NA,NA,NA,NA
"1859",NA,NA,NA,"PHYKPL",NA,NA,NA,NA,NA,NA,NA,NA,NA
"1860",NA,NA,NA,"TFAM",NA,NA,NA,NA,NA,NA,NA,NA,NA
"1861",NA,NA,NA,"NELFCD",NA,NA,NA,NA,NA,NA,NA,NA,NA
"1862",NA,NA,NA,"NUMB",NA,NA,NA,NA,NA,NA,NA,NA,NA
"1863",NA,NA,NA,"MDH1",NA,NA,NA,NA,NA,NA,NA,NA,NA
"1864",NA,NA,NA,"KMT2A",NA,NA,NA,NA,NA,NA,NA,NA,NA
"1865",NA,NA,NA,"SLC25A45",NA,NA,NA,NA,NA,NA,NA,NA,NA
"1866",NA,NA,NA,"RNGTT",NA,NA,NA,NA,NA,NA,NA,NA,NA
"1867",NA,NA,NA,"FUBP1",NA,NA,NA,NA,NA,NA,NA,NA,NA
"1868",NA,NA,NA,"CDC123",NA,NA,NA,NA,NA,NA,NA,NA,NA
"1869",NA,NA,NA,"CSDE1",NA,NA,NA,NA,NA,NA,NA,NA,NA
"1870",NA,NA,NA,"CNOT1",NA,NA,NA,NA,NA,NA,NA,NA,NA
"1871",NA,NA,NA,"AFTPH",NA,NA,NA,NA,NA,NA,NA,NA,NA
"1872",NA,NA,NA,"FIP1L1",NA,NA,NA,NA,NA,NA,NA,NA,NA
"1873",NA,NA,NA,"DHX9",NA,NA,NA,NA,NA,NA,NA,NA,NA
"1874",NA,NA,NA,"CSNK1A1",NA,NA,NA,NA,NA,NA,NA,NA,NA
"1875",NA,NA,NA,"C1orf131",NA,NA,NA,NA,NA,NA,NA,NA,NA
"1876",NA,NA,NA,"VAV1",NA,NA,NA,NA,NA,NA,NA,NA,NA
"1877",NA,NA,NA,"PTRHD1",NA,NA,NA,NA,NA,NA,NA,NA,NA
"1878",NA,NA,NA,"SNW1",NA,NA,NA,NA,NA,NA,NA,NA,NA
"1879",NA,NA,NA,"HNRNPL",NA,NA,NA,NA,NA,NA,NA,NA,NA
"1880",NA,NA,NA,"SNX5",NA,NA,NA,NA,NA,NA,NA,NA,NA
"1881",NA,NA,NA,"DCTPP1",NA,NA,NA,NA,NA,NA,NA,NA,NA
"1882",NA,NA,NA,"UBA2",NA,NA,NA,NA,NA,NA,NA,NA,NA
"1883",NA,NA,NA,"M6PR",NA,NA,NA,NA,NA,NA,NA,NA,NA
"1884",NA,NA,NA,"HNRNPD",NA,NA,NA,NA,NA,NA,NA,NA,NA
"1885",NA,NA,NA,"GGA1",NA,NA,NA,NA,NA,NA,NA,NA,NA
"1886",NA,NA,NA,"CNPPD1",NA,NA,NA,NA,NA,NA,NA,NA,NA
"1887",NA,NA,NA,"SIAH2",NA,NA,NA,NA,NA,NA,NA,NA,NA
"1888",NA,NA,NA,"POLE4",NA,NA,NA,NA,NA,NA,NA,NA,NA
"1889",NA,NA,NA,"UTP18",NA,NA,NA,NA,NA,NA,NA,NA,NA
"1890",NA,NA,NA,"SNRPA",NA,NA,NA,NA,NA,NA,NA,NA,NA
"1891",NA,NA,NA,"WTAP",NA,NA,NA,NA,NA,NA,NA,NA,NA
"1892",NA,NA,NA,"PTP4A2",NA,NA,NA,NA,NA,NA,NA,NA,NA
"1893",NA,NA,NA,"SRSF8",NA,NA,NA,NA,NA,NA,NA,NA,NA
"1894",NA,NA,NA,"MYO1F",NA,NA,NA,NA,NA,NA,NA,NA,NA
"1895",NA,NA,NA,"ANKLE2",NA,NA,NA,NA,NA,NA,NA,NA,NA
"1896",NA,NA,NA,"SELT",NA,NA,NA,NA,NA,NA,NA,NA,NA
"1897",NA,NA,NA,"NIFK",NA,NA,NA,NA,NA,NA,NA,NA,NA
"1898",NA,NA,NA,"SH2B2",NA,NA,NA,NA,NA,NA,NA,NA,NA
"1899",NA,NA,NA,"NUBP1",NA,NA,NA,NA,NA,NA,NA,NA,NA
"1900",NA,NA,NA,"DDX46",NA,NA,NA,NA,NA,NA,NA,NA,NA
"1901",NA,NA,NA,"COX7A2L",NA,NA,NA,NA,NA,NA,NA,NA,NA
"1902",NA,NA,NA,"SGSM3",NA,NA,NA,NA,NA,NA,NA,NA,NA
"1903",NA,NA,NA,"STAT3",NA,NA,NA,NA,NA,NA,NA,NA,NA
"1904",NA,NA,NA,"PAIP2",NA,NA,NA,NA,NA,NA,NA,NA,NA
"1905",NA,NA,NA,"MRPS30",NA,NA,NA,NA,NA,NA,NA,NA,NA
"1906",NA,NA,NA,"ATIC",NA,NA,NA,NA,NA,NA,NA,NA,NA
"1907",NA,NA,NA,"YBEY",NA,NA,NA,NA,NA,NA,NA,NA,NA
"1908",NA,NA,NA,"APOBEC3C",NA,NA,NA,NA,NA,NA,NA,NA,NA
"1909",NA,NA,NA,"LINC-PINT",NA,NA,NA,NA,NA,NA,NA,NA,NA
"1910",NA,NA,NA,"GLTP",NA,NA,NA,NA,NA,NA,NA,NA,NA
"1911",NA,NA,NA,"MPLKIP",NA,NA,NA,NA,NA,NA,NA,NA,NA
"1912",NA,NA,NA,"EPS15",NA,NA,NA,NA,NA,NA,NA,NA,NA
"1913",NA,NA,NA,"SENP6",NA,NA,NA,NA,NA,NA,NA,NA,NA
"1914",NA,NA,NA,"KANSL1",NA,NA,NA,NA,NA,NA,NA,NA,NA
"1915",NA,NA,NA,"SHFM1",NA,NA,NA,NA,NA,NA,NA,NA,NA
"1916",NA,NA,NA,"CCNG1",NA,NA,NA,NA,NA,NA,NA,NA,NA
"1917",NA,NA,NA,"PTBP1",NA,NA,NA,NA,NA,NA,NA,NA,NA
"1918",NA,NA,NA,"WBP2",NA,NA,NA,NA,NA,NA,NA,NA,NA
"1919",NA,NA,NA,"MGAT4A",NA,NA,NA,NA,NA,NA,NA,NA,NA
"1920",NA,NA,NA,"BEX4",NA,NA,NA,NA,NA,NA,NA,NA,NA
"1921",NA,NA,NA,"NMT1",NA,NA,NA,NA,NA,NA,NA,NA,NA
"1922",NA,NA,NA,"PHF11",NA,NA,NA,NA,NA,NA,NA,NA,NA
"1923",NA,NA,NA,"EPM2AIP1",NA,NA,NA,NA,NA,NA,NA,NA,NA
"1924",NA,NA,NA,"TNIP1",NA,NA,NA,NA,NA,NA,NA,NA,NA
"1925",NA,NA,NA,"CHMP2B",NA,NA,NA,NA,NA,NA,NA,NA,NA
"1926",NA,NA,NA,"G3BP1",NA,NA,NA,NA,NA,NA,NA,NA,NA
"1927",NA,NA,NA,"LYRM4",NA,NA,NA,NA,NA,NA,NA,NA,NA
"1928",NA,NA,NA,"EHD1",NA,NA,NA,NA,NA,NA,NA,NA,NA
"1929",NA,NA,NA,"PSMD4",NA,NA,NA,NA,NA,NA,NA,NA,NA
"1930",NA,NA,NA,"DDX3Y",NA,NA,NA,NA,NA,NA,NA,NA,NA
"1931",NA,NA,NA,"ISG20L2",NA,NA,NA,NA,NA,NA,NA,NA,NA
"1932",NA,NA,NA,"ECHDC1",NA,NA,NA,NA,NA,NA,NA,NA,NA
"1933",NA,NA,NA,"ZNF638",NA,NA,NA,NA,NA,NA,NA,NA,NA
"1934",NA,NA,NA,"CTNNB1",NA,NA,NA,NA,NA,NA,NA,NA,NA
"1935",NA,NA,NA,"CAPZA2",NA,NA,NA,NA,NA,NA,NA,NA,NA
"1936",NA,NA,NA,"REST",NA,NA,NA,NA,NA,NA,NA,NA,NA
"1937",NA,NA,NA,"ZNF292",NA,NA,NA,NA,NA,NA,NA,NA,NA
"1938",NA,NA,NA,"PDCD10",NA,NA,NA,NA,NA,NA,NA,NA,NA
"1939",NA,NA,NA,"PPP1CC",NA,NA,NA,NA,NA,NA,NA,NA,NA
"1940",NA,NA,NA,"CFAP97",NA,NA,NA,NA,NA,NA,NA,NA,NA
"1941",NA,NA,NA,"TSPYL2",NA,NA,NA,NA,NA,NA,NA,NA,NA
"1942",NA,NA,NA,"CHD9",NA,NA,NA,NA,NA,NA,NA,NA,NA
"1943",NA,NA,NA,"RPL7L1",NA,NA,NA,NA,NA,NA,NA,NA,NA
"1944",NA,NA,NA,"NSD1",NA,NA,NA,NA,NA,NA,NA,NA,NA
"1945",NA,NA,NA,"NHP2",NA,NA,NA,NA,NA,NA,NA,NA,NA
